,Number_of_Riders,Number_of_Drivers,Location_Category,Customer_Loyalty_Status,Number_of_Past_Rides,Average_Ratings,Time_of_Booking,Vehicle_Type,Expected_Ride_Duration,adjusted_ride_cost,profit_percentage
0,90,45,Urban,Silver,13,4.47,Night,Premium,90,266.71052777361797,-6.172839506172827
1,58,39,Suburban,Silver,72,4.06,Evening,Economy,43,245.65381734595798,41.28205128205126
2,42,31,Rural,Silver,0,3.99,Afternoon,Premium,76,424.4786842449561,28.70967741935484
3,89,28,Rural,Regular,67,4.31,Afternoon,Premium,134,701.1554522852574,49.11816578483247
4,78,22,Rural,Regular,74,3.77,Afternoon,Economy,149,1952.4724271442476,236.8181818181818
5,59,35,Urban,Silver,83,3.51,Night,Economy,128,544.414227482705,60.14285714285714
6,93,43,Suburban,Regular,44,4.41,Afternoon,Premium,16,105.58526754547013,1.4642549526270596
7,62,39,Rural,Gold,83,3.59,Afternoon,Premium,47,356.1363785500345,51.025641025641036
8,79,14,Rural,Silver,71,3.74,Evening,Economy,128,2687.92924550872,436.07142857142856
9,42,6,Rural,Silver,21,3.85,Night,Premium,128,768.0622267984248,92.5
10,86,17,Urban,Regular,99,4.69,Morning,Economy,167,1588.4298556938925,137.32752360203344
11,60,38,Rural,Gold,15,4.14,Evening,Premium,144,622.4851570987876,49.999999999999986
12,24,8,Rural,Gold,50,4.12,Morning,Economy,164,539.4517938901346,10.0
13,36,24,Suburban,Silver,88,4.22,Night,Premium,83,422.1460982884892,42.50000000000001
14,63,13,Rural,Regular,74,4.95,Afternoon,Premium,102,1505.866812505653,360.38461538461536
15,39,12,Urban,Silver,30,4.51,Afternoon,Premium,140,1374.36008125883,208.75
16,38,28,Rural,Silver,35,3.93,Afternoon,Premium,54,315.27699296736836,28.928571428571438
17,46,14,Suburban,Silver,21,4.71,Afternoon,Economy,15,147.68823480636135,212.1428571428571
18,33,7,Suburban,Gold,49,4.31,Evening,Premium,22,168.28714084325318,29.64285714285713
19,31,7,Suburban,Silver,24,4.82,Evening,Premium,87,481.42048154495563,25.71428571428571
20,96,45,Urban,Regular,6,4.95,Afternoon,Premium,11,82.84091893814548,0.08230452674894949
21,22,11,Suburban,Silver,79,4.48,Night,Economy,15,51.256938044005246,-20.0
22,74,16,Rural,Regular,6,3.97,Morning,Economy,139,1716.5008898605333,339.375
23,24,12,Urban,Regular,10,3.6,Evening,Premium,45,537.4885299335115,153.33333333333334
24,48,19,Suburban,Gold,72,3.81,Night,Premium,65,565.5795208932337,140.0
25,56,13,Rural,Regular,36,4.81,Evening,Economy,162,1663.7583766492608,309.23076923076917
26,72,33,Rural,Gold,66,4.39,Morning,Premium,30,378.21972154182356,107.2727272727273
27,97,75,Urban,Silver,76,4.7,Night,Economy,158,625.2234848208183,-4.197530864197536
28,62,33,Suburban,Regular,39,3.91,Evening,Premium,129,719.6992755745102,78.48484848484851
29,57,38,Suburban,Silver,54,4.1,Night,Premium,131,766.3434247203074,42.50000000000001
30,25,7,Suburban,Silver,13,3.99,Morning,Premium,81,359.7081117943463,25.71428571428571
31,75,56,Suburban,Gold,94,4.79,Evening,Premium,153,727.5819950034548,49.99999999999999
32,39,9,Urban,Gold,39,4.64,Afternoon,Premium,48,203.8774636900014,19.166666666666668
33,35,24,Suburban,Gold,73,3.76,Evening,Premium,105,673.1441077743353,38.54166666666666
34,68,32,Suburban,Regular,34,3.58,Morning,Economy,77,594.9920145770334,101.87499999999999
35,96,43,Rural,Silver,97,3.68,Morning,Premium,91,411.448651176701,4.737295434969863
36,28,11,Suburban,Gold,52,4.33,Afternoon,Premium,94,364.9447574293597,-20.0
37,25,15,Rural,Gold,65,4.88,Evening,Premium,101,1018.459423462358,102.66666666666669
38,28,6,Suburban,Regular,2,4.29,Morning,Economy,89,358.1859037576156,46.66666666666667
39,73,17,Rural,Regular,14,4.81,Evening,Premium,170,2589.3108788505524,307.9411764705882
40,36,18,Urban,Silver,88,3.73,Night,Premium,92,656.2728597813143,90.00000000000001
41,56,10,Urban,Silver,55,4.5,Night,Economy,45,232.77427965817355,54.0
42,97,81,Suburban,Regular,52,4.56,Evening,Economy,125,508.48117933283214,-4.1975308641975335
43,63,9,Rural,Regular,89,3.87,Afternoon,Premium,166,929.4865660842263,92.5
44,78,33,Urban,Silver,35,4.46,Morning,Premium,116,799.2908940827497,124.54545454545456
45,29,10,Suburban,Regular,25,3.77,Afternoon,Economy,91,267.48564709432645,-11.99999999999999
46,73,33,Suburban,Silver,60,3.88,Night,Premium,161,1082.0221828377175,110.15151515151516
47,94,29,Urban,Regular,67,3.59,Evening,Premium,96,549.154862446807,52.06470838654745
48,54,28,Suburban,Silver,83,4.49,Night,Economy,32,147.05230125359932,83.21428571428572
49,67,6,Rural,Gold,15,3.53,Night,Economy,123,1291.6659276481719,207.08333333333337
50,23,8,Urban,Silver,27,4.73,Afternoon,Economy,117,572.9819376735602,10.000000000000016
51,70,14,Urban,Silver,16,4.3,Morning,Economy,53,869.6100074490832,375.00000000000006
52,20,10,Rural,Silver,70,4.92,Evening,Economy,65,167.32096795724425,-11.999999999999982
53,95,84,Suburban,Gold,18,3.86,Afternoon,Premium,112,490.0612323226063,-6.172839506172818
54,43,16,Urban,Silver,40,4.89,Night,Premium,106,1048.5335744440677,155.31250000000003
55,97,55,Suburban,Silver,94,4.62,Evening,Premium,150,560.440488884175,-4.197530864197536
56,32,20,Rural,Silver,44,3.55,Night,Economy,68,458.46639220359407,52.0
57,95,25,Suburban,Regular,72,4.16,Morning,Premium,128,737.3083325435864,78.27160493827162
58,47,15,Urban,Gold,14,4.84,Night,Economy,89,812.9815580835061,197.66666666666669
59,25,11,Rural,Silver,33,3.85,Night,Economy,94,197.739650120686,-19.999999999999996
60,37,22,Rural,Regular,76,4.72,Afternoon,Economy,69,341.0241029783227,59.77272727272729
61,59,39,Suburban,Gold,49,3.78,Morning,Premium,98,425.10961557862106,43.71794871794873
62,42,20,Urban,Silver,88,4.64,Night,Premium,29,289.41426930380595,99.49999999999999
63,53,11,Rural,Regular,2,3.5,Afternoon,Premium,81,393.5496800050219,32.49999999999999
64,79,64,Rural,Regular,91,4.57,Night,Economy,164,1053.3655060324197,58.00000000000001
65,59,23,Urban,Gold,41,4.97,Evening,Premium,91,1095.523164387354,143.69565217391303
66,40,29,Urban,Regular,72,4.3,Afternoon,Economy,147,818.9471855560543,31.03448275862068
67,76,40,Suburban,Silver,77,4.17,Morning,Economy,28,173.34355137114665,80.5
68,41,26,Urban,Regular,96,3.91,Night,Economy,169,955.4126270236385,49.80769230769228
69,83,14,Urban,Regular,80,4.77,Night,Premium,64,822.1223938172129,178.1305114638448
70,44,17,Rural,Regular,15,4.0,Evening,Economy,98,868.7971285946797,145.88235294117652
71,91,73,Urban,Gold,61,4.39,Night,Economy,15,55.95200422782469,-10.123456790123436
72,54,16,Suburban,Regular,8,4.5,Afternoon,Premium,67,853.0824164749882,220.62500000000003
73,59,37,Rural,Silver,86,4.67,Night,Premium,95,515.2483613795903,51.48648648648647
74,72,43,Suburban,Gold,28,4.87,Afternoon,Economy,132,705.0897168862292,59.06976744186046
75,47,9,Rural,Gold,49,4.44,Evening,Economy,96,380.64882467464474,43.61111111111114
76,32,22,Rural,Silver,49,4.65,Night,Economy,60,305.9820599348604,38.18181818181818
77,45,13,Rural,Regular,96,4.84,Night,Economy,112,1293.1244563277914,228.84615384615384
78,72,45,Urban,Silver,82,4.42,Night,Premium,40,230.40221426981705,52.0
79,56,15,Urban,Gold,34,4.72,Night,Premium,78,1113.6356163335813,254.6666666666666
80,42,22,Rural,Silver,67,3.81,Afternoon,Premium,82,664.0657222545257,81.36363636363637
81,52,14,Suburban,Silver,87,3.54,Afternoon,Premium,98,1503.078164279382,252.85714285714283
82,81,23,Urban,Gold,39,4.3,Evening,Economy,143,1201.266878195153,234.5652173913043
83,77,25,Rural,Regular,70,4.27,Afternoon,Premium,52,761.7670702370147,192.60000000000005
84,27,6,Urban,Gold,2,4.42,Night,Economy,86,469.77584012297297,46.666666666666686
85,74,34,Rural,Regular,18,4.66,Morning,Premium,140,939.7292983439062,106.76470588235296
86,92,69,Urban,Silver,88,4.69,Afternoon,Economy,18,40.99340425482605,-9.135802469135793
87,77,34,Rural,Gold,33,4.13,Night,Premium,48,481.2024606043001,115.1470588235294
88,66,6,Rural,Regular,23,4.2,Evening,Economy,45,523.8022066426988,202.5
89,77,39,Urban,Regular,23,4.29,Morning,Economy,167,1110.830578147487,87.56410256410257
90,35,16,Urban,Regular,31,4.75,Afternoon,Premium,113,788.2490435261179,107.8125
91,48,38,Rural,Gold,40,3.7,Evening,Premium,80,432.85340438302484,19.999999999999996
92,61,18,Rural,Gold,84,3.93,Evening,Premium,58,655.1331797220643,221.94444444444446
93,71,21,Suburban,Silver,82,4.88,Afternoon,Premium,126,1777.9342414605303,221.19047619047615
94,95,7,Rural,Gold,40,4.68,Evening,Economy,95,522.438152482389,84.30335097001763
95,76,44,Suburban,Gold,20,3.56,Afternoon,Premium,105,714.0339526919013,64.0909090909091
96,32,13,Suburban,Regular,21,4.64,Afternoon,Economy,156,1603.6423881210865,133.84615384615384
97,49,30,Rural,Silver,57,4.83,Evening,Economy,154,978.885809466427,55.16666666666667
98,38,17,Urban,Silver,92,4.41,Afternoon,Premium,138,1159.7801870017347,112.3529411764706
99,92,35,Suburban,Regular,46,4.72,Morning,Economy,45,142.2532913210872,23.31569664902998
100,40,29,Suburban,Silver,26,4.26,Night,Economy,152,529.444690186566,31.034482758620673
101,55,42,Suburban,Silver,24,4.49,Afternoon,Economy,45,194.1191127746037,24.404761904761916
102,58,34,Rural,Gold,19,4.55,Morning,Premium,131,812.3408477675779,62.05882352941177
103,34,5,Urban,Regular,26,4.85,Evening,Premium,152,1051.7571459666106,87.00000000000001
104,70,47,Suburban,Silver,3,3.66,Morning,Premium,53,306.7524381549867,41.489361702127646
105,51,24,Rural,Gold,25,4.68,Afternoon,Premium,16,242.43308077938894,101.87499999999999
106,88,56,Rural,Regular,11,4.36,Afternoon,Economy,60,192.2160344381136,-13.086419753086417
107,25,8,Suburban,Silver,83,3.53,Evening,Economy,121,541.9713979967344,10.000000000000014
108,34,19,Rural,Regular,51,4.2,Night,Premium,166,1282.1986160170427,70.0
109,40,15,Urban,Regular,90,3.62,Night,Premium,42,535.8702463582669,153.33333333333334
110,26,7,Suburban,Gold,58,4.91,Afternoon,Economy,161,579.2402319134828,25.714285714285722
111,81,42,Suburban,Regular,88,4.14,Afternoon,Economy,47,300.6683354640742,83.21428571428572
112,80,56,Suburban,Gold,63,4.57,Night,Premium,43,341.9139407929978,60.00000000000001
113,64,19,Rural,Gold,86,4.68,Night,Premium,171,2345.5660676162215,220.00000000000006
114,45,18,Rural,Gold,68,4.07,Morning,Economy,136,832.6778562015356,137.50000000000003
115,84,49,Urban,Regular,32,4.25,Night,Premium,53,160.01880218502436,-17.037037037037045
116,34,16,Urban,Silver,47,4.12,Evening,Economy,93,593.7462830600011,101.875
117,67,32,Suburban,Regular,40,4.47,Afternoon,Premium,13,164.1457671925275,98.90624999999999
118,93,23,Suburban,Silver,34,4.23,Evening,Premium,125,732.5397162152774,89.6940418679549
119,100,51,Urban,Silver,56,3.58,Night,Economy,89,307.06205161698506,-1.23456790123457
120,35,22,Suburban,Gold,15,4.23,Morning,Premium,120,565.1938387126878,51.13636363636365
121,36,13,Rural,Silver,31,4.71,Night,Economy,71,582.8498172685421,163.07692307692307
122,28,18,Suburban,Regular,100,3.7,Afternoon,Economy,127,896.9903394065369,68.8888888888889
123,21,9,Urban,Gold,10,3.88,Morning,Premium,108,317.72169137246397,-2.2222222222222143
124,26,15,Urban,Regular,35,5.0,Morning,Premium,161,999.9713017636033,102.66666666666669
125,97,21,Suburban,Regular,59,3.87,Evening,Premium,174,1687.2678132088859,116.69606114050559
126,26,15,Urban,Silver,10,3.71,Morning,Premium,171,1459.518609354651,102.66666666666669
127,91,56,Urban,Gold,17,4.66,Night,Economy,10,34.364507720794855,-10.123456790123434
128,65,48,Rural,Silver,12,4.37,Afternoon,Premium,140,745.6658383886381,30.000000000000004
129,88,28,Urban,Gold,22,4.99,Night,Premium,154,1005.5830378547419,47.4426807760141
130,82,13,Suburban,Gold,32,3.58,Night,Economy,148,1528.221122765132,195.91642924976261
131,65,40,Urban,Silver,48,3.59,Evening,Economy,121,760.3271362347658,54.37499999999999
132,41,6,Urban,Silver,56,4.32,Night,Economy,11,92.52036493618786,87.91666666666664
133,85,36,Rural,Silver,64,4.32,Evening,Economy,152,561.2544657396708,10.768175582990384
134,35,13,Rural,Silver,80,3.8,Afternoon,Economy,93,778.3398875255085,155.76923076923075
135,83,29,Urban,Silver,78,4.42,Afternoon,Premium,23,149.28039261959754,34.26990208599406
136,91,31,Urban,Regular,12,4.39,Night,Economy,39,224.76942612862038,37.71405814416569
137,44,28,Rural,Regular,31,4.92,Night,Premium,132,601.4079342960596,49.28571428571431
138,96,12,Suburban,Gold,15,4.97,Night,Economy,90,1085.5246669614326,275.3086419753086
139,77,46,Suburban,Regular,97,4.2,Afternoon,Premium,25,239.3902046891728,59.02173913043479
140,91,80,Rural,Gold,74,4.74,Night,Economy,46,175.2013422219235,-10.123456790123447
141,93,42,Rural,Silver,75,4.66,Morning,Economy,160,700.8253414588735,3.880070546737229
142,41,9,Rural,Silver,73,3.51,Morning,Economy,150,690.9786459776677,25.27777777777778
143,61,44,Suburban,Regular,69,4.54,Afternoon,Economy,52,174.1328547269019,31.70454545454543
144,83,10,Urban,Gold,28,3.91,Afternoon,Economy,23,79.02727828783786,12.716049382716063
145,59,22,Rural,Regular,79,4.38,Morning,Premium,93,882.2389988961318,154.77272727272728
146,42,31,Suburban,Gold,62,4.95,Night,Premium,13,131.34144313051505,28.70967741935483
147,81,16,Suburban,Regular,73,4.89,Night,Economy,125,2376.5054248461815,380.9375
148,72,19,Rural,Gold,89,4.74,Morning,Premium,45,661.1699328546313,260.00000000000006
149,43,9,Rural,Silver,2,4.12,Morning,Economy,126,573.5882426051519,31.388888888888882
150,74,33,Urban,Silver,82,4.13,Afternoon,Economy,10,66.81073687738196,113.03030303030303
151,68,45,Rural,Silver,65,4.19,Evening,Economy,112,464.3722324817913,43.55555555555555
152,36,13,Urban,Silver,84,4.88,Evening,Premium,140,1329.5488267366227,163.07692307692307
153,51,5,Urban,Gold,0,4.59,Afternoon,Premium,92,900.0056284834086,180.50000000000003
154,63,23,Urban,Silver,48,4.09,Evening,Economy,49,558.3381842987117,160.2173913043478
155,96,29,Urban,Regular,84,3.65,Night,Economy,176,1177.953850128116,55.3001277139208
156,94,59,Suburban,Regular,84,4.38,Morning,Premium,175,618.0600119253616,-7.160493827160493
157,74,32,Suburban,Regular,2,4.7,Evening,Premium,38,375.81141606123464,119.68749999999999
158,91,13,Rural,Silver,32,3.6,Morning,Premium,160,2125.8740955176313,228.39506172839506
159,69,12,Suburban,Regular,42,4.34,Afternoon,Premium,158,3321.9005109614272,446.25000000000006
160,51,20,Rural,Silver,57,3.68,Night,Economy,67,598.1707856589401,142.25
161,45,17,Rural,Gold,10,4.93,Night,Premium,148,1081.4908340597508,151.47058823529412
162,92,34,Suburban,Regular,98,3.99,Night,Economy,140,503.50365993883577,26.942628903413212
163,69,36,Suburban,Gold,55,4.74,Morning,Economy,109,793.9041793369503,82.08333333333336
164,56,14,Suburban,Silver,30,3.67,Night,Economy,48,771.1927360322769,280.0
165,43,26,Rural,Regular,59,4.91,Afternoon,Economy,175,1149.7416124652589,57.11538461538459
166,86,48,Urban,Silver,37,4.15,Night,Economy,84,183.50960134372986,-15.061728395061724
167,61,34,Urban,Gold,82,3.99,Night,Premium,10,142.9462130010731,70.44117647058822
168,50,36,Suburban,Gold,18,4.61,Night,Economy,145,755.0415928216725,31.944444444444446
169,73,34,Urban,Regular,95,4.31,Morning,Premium,21,242.33143351931253,103.9705882352941
170,76,7,Urban,Gold,76,4.35,Morning,Economy,72,734.1679482724103,198.5714285714285
171,87,41,Urban,Regular,87,4.36,Night,Economy,87,385.3632681512299,-0.45167118337848644
172,53,33,Rural,Regular,40,3.8,Morning,Premium,139,775.0094373872723,52.57575757575758
173,71,8,Suburban,Silver,57,3.68,Night,Economy,75,608.4550723856046,144.06249999999997
174,32,5,Rural,Gold,80,3.55,Night,Economy,14,80.81411700027053,76.00000000000001
175,91,30,Suburban,Gold,34,3.69,Afternoon,Economy,96,604.2421794141037,42.30452674897121
176,47,37,Suburban,Gold,64,3.75,Morning,Economy,31,103.74919289677925,20.67567567567568
177,23,13,Rural,Silver,42,4.55,Night,Economy,87,769.2766595970312,133.84615384615387
178,57,20,Rural,Regular,92,3.74,Morning,Economy,53,467.3941929607766,170.75
179,48,17,Suburban,Silver,2,4.09,Evening,Economy,85,702.6250057711064,168.23529411764704
180,22,5,Urban,Gold,39,4.92,Evening,Economy,56,350.31335737242193,76.00000000000003
181,60,19,Urban,Silver,37,4.22,Evening,Economy,68,696.8503647442335,199.99999999999997
182,94,42,Rural,Regular,0,4.23,Morning,Premium,36,194.57198286798211,4.997060552616105
183,43,6,Suburban,Silver,34,4.4,Morning,Premium,24,303.03817074380237,97.08333333333331
184,97,18,Suburban,Regular,53,4.25,Night,Premium,26,319.7494654795033,152.81207133058987
185,47,17,Rural,Silver,7,4.8,Morning,Economy,173,1600.843876621693,162.64705882352942
186,39,28,Urban,Silver,72,3.76,Afternoon,Premium,87,379.97743970994503,32.32142857142858
187,50,39,Suburban,Regular,94,3.81,Evening,Premium,139,494.8827771664689,21.79487179487178
188,35,17,Urban,Regular,78,4.4,Evening,Premium,61,487.0872938702142,95.58823529411767
189,28,8,Suburban,Regular,69,3.86,Evening,Premium,175,682.991860722847,10.000000000000016
190,51,32,Rural,Regular,98,4.44,Morning,Premium,51,404.3465936333318,51.40625
191,54,12,Suburban,Silver,84,4.98,Evening,Premium,172,3059.851740499118,327.50000000000006
192,65,10,Urban,Regular,77,4.36,Afternoon,Economy,170,769.3140596565245,78.75
193,61,26,Rural,Gold,21,3.85,Morning,Premium,126,1346.8316566982057,122.88461538461534
194,46,9,Suburban,Silver,67,4.22,Evening,Premium,47,342.28800544069355,40.55555555555557
195,73,50,Urban,Regular,7,4.22,Night,Economy,45,257.273033838071,46.0
196,86,49,Urban,Regular,99,3.51,Night,Economy,130,400.4666504700486,-15.061728395061728
197,75,7,Suburban,Gold,100,4.13,Morning,Economy,134,1335.8427973138143,194.6428571428571
198,39,29,Suburban,Silver,12,4.24,Evening,Economy,97,320.81123118097145,27.75862068965515
199,33,6,Rural,Gold,90,4.81,Night,Premium,139,789.2254052469862,51.25000000000001
200,40,29,Suburban,Silver,6,4.94,Night,Premium,71,454.0248537315478,31.03448275862069
201,54,35,Suburban,Silver,66,4.4,Night,Economy,77,343.08187328833833,46.57142857142858
202,53,26,Urban,Gold,54,4.6,Night,Premium,52,356.3704278073457,93.65384615384613
203,81,34,Urban,Silver,98,3.55,Afternoon,Premium,164,1255.8397655076346,126.32352941176472
204,45,20,Urban,Regular,80,4.73,Morning,Economy,63,411.7247635350234,113.74999999999997
205,20,9,Urban,Silver,77,3.91,Evening,Economy,89,222.73437981047343,-2.2222222222222157
206,47,22,Rural,Silver,11,4.8,Afternoon,Premium,119,845.511983070491,102.95454545454548
207,33,18,Urban,Gold,90,3.61,Evening,Premium,146,1169.8998445551304,74.16666666666667
208,78,57,Rural,Silver,5,4.82,Morning,Premium,127,862.1180434539936,56.000000000000014
209,26,12,Rural,Silver,9,3.75,Afternoon,Economy,115,814.1434262699445,153.33333333333331
210,62,21,Rural,Regular,61,4.57,Night,Economy,56,604.2407113472003,180.4761904761905
211,84,59,Suburban,Silver,67,4.27,Morning,Premium,164,629.6856726017277,-17.037037037037038
212,49,8,Urban,Regular,1,4.06,Afternoon,Premium,157,1169.6716291186494,68.43750000000003
213,34,22,Suburban,Gold,34,3.64,Morning,Economy,176,906.4014526534187,46.81818181818183
214,49,30,Rural,Silver,86,3.62,Afternoon,Premium,69,509.93254753343916,55.16666666666667
215,83,50,Rural,Regular,7,3.66,Evening,Premium,100,308.47313565290716,-18.024691358024672
216,88,5,Urban,Silver,89,3.59,Night,Economy,27,167.79575718348556,139.01234567901236
217,90,71,Suburban,Gold,88,3.84,Morning,Economy,167,401.4976577512066,-11.11111111111111
218,65,5,Rural,Silver,24,3.54,Night,Economy,119,1077.5190382073047,257.5
219,73,28,Urban,Silver,22,4.57,Afternoon,Economy,53,379.9291975727271,147.67857142857142
220,85,62,Suburban,Silver,54,3.78,Morning,Economy,114,285.14860105190974,-16.049382716049372
221,65,27,Rural,Gold,62,3.54,Night,Premium,162,1677.4102458748239,128.70370370370375
222,74,42,Urban,Gold,88,3.5,Evening,Economy,77,341.18327578386555,67.3809523809524
223,41,7,Rural,Gold,68,4.3,Evening,Premium,66,458.26248297525234,61.07142857142854
224,79,23,Urban,Gold,88,3.88,Night,Economy,164,1605.787610863019,226.30434782608694
225,53,7,Urban,Silver,64,4.55,Night,Premium,10,179.46234939115732,108.21428571428568
226,35,14,Urban,Silver,74,5.0,Night,Premium,175,1728.7172438136174,137.50000000000003
227,53,40,Rural,Gold,79,3.66,Evening,Premium,30,199.70401267215772,25.874999999999993
228,36,23,Urban,Silver,42,4.66,Morning,Economy,14,66.20679357179856,48.69565217391307
229,38,25,Urban,Regular,2,4.24,Morning,Premium,128,653.3028940168451,44.39999999999999
230,52,36,Rural,Silver,1,4.52,Morning,Premium,36,209.4566575890746,37.22222222222222
231,91,64,Suburban,Regular,26,4.56,Morning,Premium,96,377.68331625075984,-10.123456790123436
232,87,5,Urban,Silver,59,4.32,Night,Economy,42,357.65642156686346,136.29629629629633
233,96,20,Suburban,Gold,88,3.6,Evening,Premium,71,545.5605745927319,125.18518518518513
234,83,59,Urban,Gold,8,4.85,Morning,Economy,31,97.59041987876296,-18.024691358024686
235,48,23,Rural,Gold,0,4.46,Afternoon,Economy,174,936.9204809157162,98.26086956521736
236,65,19,Suburban,Silver,24,4.59,Evening,Economy,96,1087.6103894669918,225.00000000000006
237,79,29,Suburban,Silver,0,4.86,Morning,Economy,127,1050.9213345108287,158.79310344827587
238,100,22,Suburban,Silver,45,4.23,Night,Premium,141,1175.750574040162,113.24354657687992
239,73,63,Suburban,Silver,25,4.19,Afternoon,Economy,129,779.6665640971811,46.00000000000001
240,79,67,Rural,Gold,56,4.01,Evening,Premium,151,791.9533540866101,58.00000000000001
241,88,55,Rural,Regular,56,4.0,Night,Premium,26,138.72008730470125,-13.086419753086414
242,76,34,Suburban,Silver,10,4.92,Morning,Economy,103,764.0481140913973,112.3529411764706
243,49,30,Suburban,Silver,80,3.74,Night,Economy,85,541.0189377391447,55.166666666666686
244,100,64,Rural,Regular,7,4.89,Night,Premium,115,484.4484700942458,-1.2345679012345745
245,87,26,Rural,Gold,63,4.2,Morning,Premium,118,762.4258261308931,56.98005698005699
246,22,5,Rural,Silver,93,4.85,Evening,Economy,99,747.8724179457216,76.00000000000001
247,21,11,Rural,Silver,23,3.76,Afternoon,Economy,12,32.354312522312306,-20.000000000000004
248,93,57,Suburban,Regular,34,4.89,Morning,Premium,80,237.368070332344,-8.148148148148152
249,28,15,Rural,Gold,90,4.25,Night,Premium,177,1037.5102324141135,102.66666666666666
250,97,7,Urban,Silver,22,3.74,Afternoon,Premium,147,831.2940562939754,88.18342151675485
251,48,12,Urban,Silver,51,4.63,Night,Premium,32,666.9686064868608,279.99999999999994
252,70,37,Urban,Silver,10,3.65,Night,Premium,168,1183.6702146006014,79.72972972972973
253,78,12,Rural,Silver,99,4.3,Afternoon,Economy,95,1848.1218824708558,517.5
254,25,7,Rural,Regular,24,3.85,Evening,Premium,144,622.0378047324193,25.714285714285722
255,24,9,Urban,Gold,6,4.05,Afternoon,Premium,69,218.5519227963743,-2.2222222222222103
256,92,37,Rural,Silver,7,4.92,Morning,Premium,103,506.92705828194045,16.649983316649973
257,43,33,Rural,Gold,16,4.01,Morning,Premium,159,780.3939452114771,23.78787878787881
258,96,23,Urban,Gold,8,4.23,Morning,Premium,90,871.6143315943475,95.81320450885667
259,88,46,Rural,Gold,35,4.89,Afternoon,Premium,72,324.873747203077,-10.252281266774018
260,83,43,Suburban,Regular,20,3.59,Morning,Economy,63,242.03504154690663,-9.445879988515642
261,50,29,Urban,Regular,2,4.81,Morning,Economy,143,850.012111745254,63.793103448275836
262,97,75,Urban,Regular,15,4.94,Afternoon,Economy,163,551.3369340242419,-4.197530864197521
263,84,24,Suburban,Regular,39,4.08,Afternoon,Economy,86,573.7771328466191,64.19753086419749
264,68,40,Suburban,Silver,58,4.64,Morning,Premium,68,450.9644704522177,61.499999999999986
265,77,30,Urban,Regular,99,4.7,Evening,Premium,179,1681.8363092459815,143.83333333333331
266,82,67,Urban,Regular,13,4.43,Afternoon,Economy,33,71.88702592168664,-19.012345679012334
267,21,8,Suburban,Gold,37,3.71,Evening,Premium,171,683.975984445723,10.000000000000007
268,75,24,Rural,Regular,44,3.79,Night,Premium,72,913.2526622969814,196.87499999999997
269,61,9,Urban,Gold,74,3.98,Evening,Premium,32,321.35407355498825,86.38888888888889
270,90,13,Suburban,Regular,24,3.73,Afternoon,Economy,126,1442.8479896927047,224.7863247863248
271,100,21,Suburban,Regular,20,3.52,Night,Premium,163,1244.0961228587096,123.3980011757789
272,93,31,Suburban,Gold,13,3.58,Afternoon,Premium,101,500.0864395640777,40.74074074074075
273,92,14,Urban,Silver,57,3.73,Morning,Premium,133,1464.3669274726988,208.28924162257496
274,61,12,Rural,Gold,59,4.72,Afternoon,Premium,178,2810.4360678198705,382.9166666666665
275,53,12,Suburban,Gold,79,3.6,Night,Premium,154,2783.6811375735433,319.58333333333326
276,55,21,Urban,Regular,20,3.56,Night,Premium,134,1292.4895703132267,148.8095238095238
277,57,45,Rural,Gold,78,4.43,Afternoon,Premium,112,478.5559800108727,20.333333333333343
278,34,8,Suburban,Silver,51,4.09,Afternoon,Premium,130,453.6061686871017,16.875
279,50,11,Suburban,Silver,19,4.87,Morning,Economy,144,738.8750949465929,25.000000000000007
280,35,22,Rural,Silver,82,3.79,Afternoon,Economy,174,886.8664638724589,51.136363636363654
281,43,14,Suburban,Regular,1,3.53,Night,Premium,134,1893.4259284592706,191.7857142857143
282,50,25,Suburban,Silver,19,4.32,Night,Economy,176,1418.0443516735168,90.0
283,55,19,Urban,Regular,64,4.34,Morning,Premium,129,1526.518641347151,175.00000000000003
284,93,67,Urban,Silver,21,4.88,Night,Premium,87,383.86095940857155,-8.148148148148156
285,94,69,Urban,Silver,86,4.12,Morning,Premium,18,90.79790621601323,-7.16049382716048
286,70,60,Urban,Regular,57,4.05,Afternoon,Premium,43,270.32475679829986,40.000000000000014
287,36,25,Suburban,Regular,61,3.64,Night,Economy,132,673.6907679318126,36.80000000000001
288,37,9,Suburban,Silver,73,4.8,Morning,Economy,124,462.1887803612514,13.05555555555557
289,68,46,Urban,Gold,8,4.21,Afternoon,Economy,116,511.40982488215275,40.43478260869564
290,77,15,Suburban,Regular,47,4.47,Morning,Economy,66,1115.0181246281102,387.66666666666663
291,27,12,Suburban,Silver,64,4.7,Evening,Economy,149,1692.13095095078,153.33333333333331
292,90,56,Suburban,Silver,61,4.38,Night,Premium,91,364.749074636435,-11.111111111111102
293,46,23,Suburban,Regular,19,4.92,Afternoon,Economy,169,1349.796601920023,89.99999999999999
294,96,80,Urban,Regular,47,3.77,Morning,Economy,70,168.01475871025698,-5.185185185185179
295,80,6,Rural,Silver,43,4.81,Night,Economy,24,272.537392511065,266.6666666666667
296,80,31,Suburban,Silver,91,4.61,Evening,Premium,127,961.7745085170942,145.16129032258064
297,64,25,Suburban,Silver,85,4.46,Afternoon,Premium,37,410.0599925492633,143.20000000000002
298,57,42,Rural,Silver,36,3.59,Afternoon,Premium,167,757.1435270271558,28.92857142857143
299,52,7,Rural,Silver,57,4.82,Night,Economy,180,1152.1312399910862,104.28571428571428
300,69,56,Urban,Regular,73,4.02,Night,Premium,116,486.2395475944297,38.000000000000014
301,67,54,Suburban,Regular,53,3.67,Morning,Economy,110,556.5120995112038,34.00000000000002
302,25,7,Rural,Silver,13,4.07,Afternoon,Premium,60,256.72848871670504,25.714285714285722
303,80,35,Rural,Regular,29,4.49,Night,Economy,79,694.1016378612229,117.14285714285711
304,73,6,Suburban,Silver,5,4.03,Night,Premium,71,1211.3701024166774,234.5833333333333
305,24,6,Urban,Regular,65,4.29,Afternoon,Premium,106,568.2974554532283,46.66666666666669
306,37,14,Rural,Gold,18,4.36,Evening,Economy,85,875.870960726255,151.0714285714286
307,27,6,Rural,Regular,74,4.75,Afternoon,Premium,157,1074.037818618396,46.666666666666664
308,23,11,Urban,Regular,11,4.86,Afternoon,Economy,133,274.93770670924346,-20.0
309,42,8,Rural,Gold,12,4.79,Morning,Premium,166,865.8403406114085,44.375
310,74,39,Urban,Silver,11,3.65,Morning,Economy,173,873.8011303443627,80.25641025641026
311,68,30,Urban,Regular,28,4.69,Night,Premium,134,1251.412803118133,115.33333333333333
312,59,9,Suburban,Silver,30,4.83,Afternoon,Economy,140,1087.7333100321705,80.27777777777781
313,89,75,Rural,Silver,76,4.39,Evening,Economy,110,325.1067959744827,-12.09876543209876
314,81,35,Suburban,Regular,45,4.11,Night,Economy,174,1558.5236268093047,119.85714285714283
315,33,8,Suburban,Regular,74,4.52,Morning,Premium,56,233.4969713583007,13.437499999999991
316,75,28,Urban,Gold,49,4.46,Night,Economy,163,1741.9625039541834,154.46428571428572
317,87,48,Suburban,Silver,95,4.73,Morning,Economy,162,389.462807895145,-14.074074074074064
318,56,37,Suburban,Silver,96,3.83,Afternoon,Premium,130,593.230091367615,43.78378378378376
319,75,32,Urban,Silver,20,3.69,Evening,Premium,96,980.6766230838559,122.65625
320,99,54,Rural,Silver,96,3.77,Afternoon,Premium,61,236.27091779150828,-2.222222222222217
321,33,16,Rural,Regular,81,4.08,Afternoon,Premium,50,394.40755467930296,95.93749999999997
322,41,28,Rural,Gold,89,4.47,Evening,Premium,45,306.1068540861067,39.10714285714284
323,55,19,Suburban,Silver,74,3.51,Morning,Economy,173,1933.0118939046736,175.0
324,93,51,Rural,Silver,12,4.98,Morning,Premium,90,396.2687842349887,-8.14814814814815
325,54,35,Urban,Silver,11,4.49,Afternoon,Premium,96,684.2873011032018,46.571428571428584
326,34,20,Urban,Gold,21,4.15,Morning,Premium,158,718.8790732844609,61.50000000000001
327,86,18,Suburban,Silver,61,4.3,Afternoon,Premium,126,989.8988457611639,124.14266117969824
328,85,27,Suburban,Gold,8,4.11,Night,Premium,157,988.8216130263982,47.69090077732054
329,74,5,Suburban,Regular,80,3.63,Night,Economy,134,1442.3478108223399,307.0
330,63,53,Rural,Gold,33,4.33,Afternoon,Economy,175,617.0377806163355,26.00000000000001
331,55,13,Suburban,Silver,45,3.71,Morning,Premium,40,894.55449305278,301.9230769230769
332,100,66,Suburban,Gold,27,3.53,Evening,Premium,106,407.1660314055159,-1.234567901234574
333,51,27,Urban,Gold,86,3.82,Evening,Premium,152,847.364902746671,79.44444444444441
334,37,10,Urban,Silver,33,4.86,Afternoon,Economy,44,183.08882824568374,1.7499999999999996
335,99,71,Suburban,Gold,3,4.63,Morning,Premium,100,302.0464610271645,-2.2222222222222134
336,54,24,Rural,Silver,85,3.79,Evening,Economy,102,654.7466949129214,113.75000000000004
337,30,7,Rural,Gold,57,4.27,Morning,Premium,69,282.1844184255056,25.71428571428571
338,84,56,Urban,Silver,71,4.56,Evening,Premium,15,83.85380803432835,-17.037037037037038
339,49,14,Suburban,Silver,55,4.43,Morning,Premium,131,2106.376268607298,232.50000000000006
340,86,10,Urban,Silver,98,4.8,Morning,Economy,18,73.43189843046373,16.79012345679015
341,48,24,Rural,Gold,17,3.98,Afternoon,Economy,29,174.85898941607047,90.0
342,67,18,Urban,Silver,78,3.81,Morning,Premium,22,377.42997592372404,253.61111111111114
343,100,16,Rural,Gold,96,3.65,Night,Premium,163,1643.9407698407206,193.20987654320984
344,79,7,Rural,Silver,31,4.82,Night,Economy,100,1002.1434299700506,210.35714285714286
345,99,9,Rural,Silver,33,4.98,Afternoon,Economy,110,436.70447744691165,49.382716049382736
346,34,24,Urban,Silver,3,4.41,Morning,Economy,97,326.70335246906865,34.583333333333314
347,54,21,Urban,Silver,23,4.44,Evening,Premium,136,1081.6473833183154,144.28571428571433
348,77,43,Suburban,Regular,73,4.07,Afternoon,Premium,131,860.0172629965149,70.11627906976746
349,80,21,Urban,Regular,85,4.21,Morning,Premium,146,1718.747823630607,261.9047619047619
350,74,54,Urban,Regular,16,4.35,Afternoon,Premium,147,913.8033240837143,48.000000000000014
351,57,38,Urban,Regular,31,3.97,Morning,Premium,64,420.1689021737655,42.50000000000001
352,97,66,Urban,Silver,90,3.6,Evening,Premium,150,687.3514097371684,-4.19753086419753
353,52,14,Suburban,Gold,97,4.83,Evening,Premium,66,942.0481800357242,252.85714285714283
354,51,37,Rural,Regular,34,4.64,Afternoon,Economy,100,502.00901430041813,30.945945945945923
355,87,52,Urban,Gold,15,3.57,Night,Economy,66,228.9355531701539,-14.074074074074062
356,91,42,Suburban,Silver,76,4.96,Morning,Economy,86,341.93174868410074,1.646090534979446
357,85,34,Rural,Regular,66,4.59,Morning,Premium,163,897.0572689306687,17.28395061728396
358,57,21,Rural,Silver,28,4.93,Night,Economy,141,1517.9899921339631,157.85714285714286
359,28,8,Urban,Regular,67,3.78,Afternoon,Premium,58,335.76693443120433,10.000000000000009
360,58,30,Urban,Regular,32,4.14,Night,Economy,75,470.8732193820051,83.66666666666664
361,31,9,Rural,Gold,18,4.42,Morning,Premium,114,450.77447417262493,-2.22222222222221
362,27,11,Suburban,Gold,88,4.5,Evening,Premium,144,465.39782754074025,-19.999999999999993
363,90,75,Urban,Gold,88,4.1,Afternoon,Economy,106,420.04141416305896,-11.111111111111102
364,54,8,Suburban,Regular,41,3.89,Morning,Economy,168,1064.528880227803,85.62500000000003
365,23,9,Suburban,Silver,50,3.84,Evening,Premium,34,188.1097994806941,-2.222222222222215
366,94,64,Urban,Regular,62,4.87,Night,Economy,166,690.7593306388821,-7.160493827160486
367,86,20,Suburban,Silver,51,3.75,Morning,Premium,110,831.6403637538427,101.72839506172839
368,79,55,Suburban,Regular,91,4.39,Morning,Economy,48,299.50569265382796,57.99999999999999
369,73,13,Urban,Regular,93,3.95,Night,Economy,90,1904.6895996951264,433.46153846153845
370,74,23,Urban,Regular,45,4.07,Morning,Premium,99,1275.101691524247,205.6521739130435
371,26,11,Urban,Gold,10,4.22,Morning,Premium,69,251.87576825533526,-19.999999999999996
372,99,30,Urban,Regular,74,4.21,Morning,Premium,160,975.2630491665248,54.81481481481484
373,80,42,Urban,Gold,85,4.22,Night,Economy,131,856.9212691492716,80.95238095238095
374,78,35,Rural,Regular,5,4.35,Evening,Premium,100,672.9993993271248,111.71428571428568
375,63,6,Urban,Gold,29,4.79,Evening,Premium,24,382.5914962823792,188.74999999999994
376,25,8,Rural,Regular,30,4.44,Night,Economy,115,473.86443607596976,10.000000000000004
377,100,50,Urban,Regular,20,4.14,Evening,Economy,127,345.90279857202637,-1.2345679012345756
378,46,8,Urban,Silver,32,4.81,Afternoon,Economy,112,737.5384516773631,58.12499999999997
379,59,29,Urban,Regular,90,4.3,Night,Economy,145,1259.637527758659,93.27586206896551
380,21,11,Rural,Gold,18,4.2,Morning,Premium,49,213.07845859666278,-19.999999999999993
381,64,7,Rural,Silver,48,4.67,Evening,Economy,64,669.7689473096935,151.42857142857142
382,52,22,Suburban,Gold,72,3.6,Morning,Premium,101,682.1763357039314,124.54545454545456
383,100,56,Suburban,Silver,67,4.2,Evening,Economy,169,456.26290503739295,-1.234567901234579
384,83,72,Rural,Regular,25,4.62,Night,Premium,45,164.8175394215609,-18.02469135802468
385,89,10,Rural,Silver,36,4.12,Afternoon,Premium,13,113.87153579603725,20.86419753086421
386,100,37,Rural,Silver,47,4.7,Afternoon,Economy,142,693.379479858469,26.793460126793445
387,71,7,Urban,Gold,31,4.83,Morning,Premium,60,816.5545511885098,178.92857142857142
388,94,26,Suburban,Regular,0,3.94,Afternoon,Premium,40,255.95269065584546,69.61063627730296
389,52,23,Urban,Regular,41,4.23,Evening,Economy,134,1148.8864213220465,114.7826086956522
390,27,15,Urban,Silver,31,4.95,Afternoon,Economy,103,638.9378834990245,102.66666666666669
391,88,62,Urban,Regular,62,4.82,Afternoon,Economy,162,522.5557564890468,-13.086419753086421
392,48,38,Suburban,Silver,64,4.97,Night,Premium,152,841.7634875418452,19.999999999999996
393,53,35,Suburban,Regular,1,3.67,Morning,Premium,88,563.9313425925883,43.857142857142826
394,31,12,Suburban,Gold,34,4.7,Night,Economy,105,840.6550631189353,153.33333333333334
395,56,34,Suburban,Silver,1,4.56,Afternoon,Economy,121,481.18763020067354,56.470588235294116
396,48,35,Rural,Gold,47,4.26,Morning,Economy,26,88.94833062783744,30.28571428571427
397,93,66,Suburban,Silver,22,3.91,Night,Economy,180,703.070583866699,-8.148148148148142
398,49,18,Rural,Silver,62,4.92,Afternoon,Economy,62,435.4139313581861,158.61111111111111
399,72,33,Rural,Gold,63,4.25,Evening,Economy,132,729.1307738620366,107.27272727272728
400,62,11,Suburban,Gold,37,4.23,Morning,Premium,71,563.1859170971533,55.00000000000001
401,39,15,Suburban,Regular,53,4.6,Evening,Premium,38,498.2352504198045,146.99999999999997
402,67,56,Urban,Gold,49,4.22,Afternoon,Premium,23,162.72959868497392,34.00000000000002
403,88,15,Urban,Regular,39,4.51,Afternoon,Economy,137,1647.9865661994422,175.22633744855963
404,29,16,Urban,Silver,75,4.11,Morning,Premium,80,705.1361473982286,90.00000000000001
405,100,24,Urban,Silver,88,4.49,Night,Economy,56,339.4724672948418,95.47325102880656
406,98,43,Suburban,Gold,62,4.98,Morning,Economy,130,575.7803612679054,6.91932242319839
407,35,10,Rural,Gold,40,3.54,Night,Economy,75,271.38897074327014,-3.749999999999989
408,58,14,Rural,Gold,10,3.77,Morning,Economy,95,1015.4711949160716,293.57142857142856
409,22,7,Urban,Gold,53,4.43,Morning,Premium,98,598.6539380216728,25.714285714285722
410,84,37,Suburban,Regular,94,3.83,Night,Economy,28,132.75557101417508,6.5065065065065
411,91,14,Suburban,Silver,19,4.78,Night,Premium,19,338.8251924747954,204.93827160493825
412,56,29,Urban,Gold,67,4.49,Afternoon,Economy,125,773.8163585062061,83.44827586206895
413,97,21,Rural,Regular,36,3.72,Evening,Premium,23,290.4832683216601,116.69606114050562
414,57,47,Urban,Gold,26,3.8,Morning,Economy,30,152.54544393772136,15.212765957446802
415,94,27,Suburban,Silver,100,3.6,Night,Premium,172,895.0113323270739,63.32876085962506
416,84,6,Suburban,Gold,24,3.74,Morning,Economy,68,536.0877759089576,90.12345679012343
417,40,11,Rural,Silver,1,4.24,Night,Premium,35,182.46632143825187,0.0
418,65,36,Suburban,Silver,20,4.39,Night,Premium,87,538.2099580719827,71.52777777777779
419,35,22,Urban,Silver,28,4.88,Afternoon,Premium,116,639.1355217775695,51.136363636363654
420,40,30,Urban,Regular,67,4.03,Evening,Premium,143,670.9491719693964,26.66666666666667
421,61,45,Urban,Silver,6,4.99,Evening,Economy,10,33.47378656745454,28.77777777777778
422,50,14,Urban,Gold,98,3.52,Night,Premium,109,1192.8266416003335,239.28571428571428
423,98,25,Suburban,Silver,30,4.76,Afternoon,Economy,60,284.4715963663454,83.90123456790123
424,54,37,Suburban,Regular,41,4.69,Afternoon,Premium,16,147.78848164189668,38.648648648648646
425,37,13,Rural,Regular,31,4.66,Afternoon,Economy,35,357.3580663321614,170.38461538461542
426,78,41,Urban,Silver,12,4.99,Afternoon,Economy,22,137.76267381786923,80.73170731707319
427,84,21,Rural,Gold,88,3.5,Afternoon,Economy,146,1123.9368651519712,87.65432098765432
428,44,32,Suburban,Silver,51,4.2,Afternoon,Premium,168,735.6158625594757,30.625000000000014
429,25,11,Urban,Silver,92,3.91,Night,Economy,115,248.12369302054427,-20.0
430,38,13,Urban,Gold,38,4.46,Evening,Premium,28,403.03586361736956,177.69230769230768
431,85,25,Urban,Silver,21,4.03,Morning,Economy,73,516.0944814837553,59.50617283950616
432,31,13,Suburban,Gold,87,4.04,Evening,Economy,11,73.815119640662,133.84615384615387
433,67,6,Rural,Regular,25,4.45,Evening,Premium,31,443.62068303540445,207.08333333333334
434,77,11,Rural,Silver,70,3.82,Night,Premium,63,486.0491156715058,92.50000000000001
435,32,11,Suburban,Silver,30,3.53,Afternoon,Premium,32,117.21021953289556,-19.999999999999993
436,71,30,Rural,Regular,60,4.83,Evening,Premium,156,1128.216701883742,124.83333333333331
437,65,38,Urban,Regular,13,4.77,Morning,Premium,132,992.4403961476888,62.5
438,64,29,Urban,Silver,66,3.79,Night,Premium,37,407.28116832320035,109.6551724137931
439,48,38,Urban,Silver,45,4.17,Afternoon,Economy,87,381.85215118237585,20.000000000000004
440,76,42,Rural,Gold,95,3.93,Morning,Economy,180,881.2269751831009,71.9047619047619
441,76,53,Urban,Regular,77,3.67,Afternoon,Premium,179,844.9557165199949,52.0
442,71,14,Suburban,Silver,8,4.44,Night,Economy,76,1166.68679706543,381.78571428571433
443,76,9,Urban,Silver,64,4.16,Evening,Economy,10,96.15159085541123,132.22222222222223
444,51,14,Rural,Gold,16,3.51,Night,Premium,30,625.9966805717976,246.07142857142856
445,88,38,Rural,Gold,29,3.73,Evening,Premium,167,584.3820409570446,8.64197530864197
446,60,24,Rural,Gold,5,3.79,Afternoon,Premium,154,1322.074455502724,137.50000000000003
447,73,55,Rural,Regular,55,4.2,Afternoon,Economy,52,231.49226099130635,45.99999999999999
448,23,10,Urban,Silver,80,3.88,Afternoon,Economy,22,52.31195772193011,-11.999999999999984
449,74,27,Suburban,Silver,51,3.75,Morning,Premium,111,870.0145675687432,160.3703703703704
450,49,6,Suburban,Gold,18,4.41,Night,Premium,148,996.6447320323534,124.58333333333333
451,31,8,Rural,Gold,7,3.57,Night,Economy,35,159.7662410865569,10.000000000000012
452,57,46,Rural,Regular,42,4.39,Morning,Economy,56,247.95022091604233,17.717391304347835
453,64,19,Suburban,Regular,35,4.02,Afternoon,Economy,39,487.1334162183273,220.00000000000003
454,86,76,Suburban,Regular,84,4.99,Night,Economy,149,520.2016642863007,-15.06172839506173
455,54,28,Suburban,Regular,73,3.56,Morning,Premium,51,458.5594916329761,83.21428571428572
456,85,37,Rural,Gold,10,3.76,Night,Premium,61,333.111985146463,7.774441107774442
457,58,15,Rural,Regular,14,4.76,Night,Premium,12,345.8844376815454,267.3333333333333
458,96,27,Rural,Gold,21,4.37,Night,Premium,57,406.89679662432695,66.80384087791495
459,58,31,Suburban,Silver,32,4.87,Evening,Premium,85,588.6689441663152,77.74193548387095
460,77,45,Suburban,Silver,88,4.16,Morning,Economy,151,967.5814184432814,62.55555555555558
461,93,73,Rural,Regular,78,3.81,Night,Premium,106,427.99535203402263,-8.148148148148147
462,44,11,Rural,Regular,56,3.83,Afternoon,Premium,18,115.22721106530331,10.000000000000005
463,20,10,Rural,Regular,54,4.12,Morning,Premium,168,689.9685109098657,-11.999999999999991
464,70,40,Suburban,Regular,9,3.77,Evening,Economy,130,636.6210217068801,66.24999999999999
465,42,12,Rural,Gold,92,4.5,Afternoon,Economy,123,1061.6615710295239,232.50000000000003
466,87,33,Rural,Regular,53,4.15,Evening,Economy,143,791.7299076270131,23.681257014590358
467,70,43,Suburban,Gold,47,4.31,Morning,Economy,57,376.56535181649883,54.65116279069768
468,61,15,Urban,Gold,29,4.49,Afternoon,Economy,32,521.5726936417484,286.33333333333326
469,71,36,Suburban,Silver,69,4.37,Morning,Economy,110,736.2616104078397,87.36111111111113
470,81,33,Suburban,Regular,41,4.93,Afternoon,Premium,162,1439.4045478580233,133.18181818181822
471,87,64,Rural,Silver,69,4.55,Evening,Premium,65,267.04780993661274,-14.074074074074055
472,85,65,Suburban,Regular,73,4.65,Afternoon,Premium,165,646.4792663682016,-16.049382716049372
473,91,65,Urban,Regular,40,3.58,Evening,Economy,141,335.6931199155514,-10.123456790123441
474,83,57,Rural,Silver,80,4.6,Night,Premium,172,667.6229446262826,-18.024691358024686
475,64,10,Suburban,Gold,75,3.61,Morning,Premium,155,833.0901802045254,76.00000000000001
476,69,22,Rural,Silver,25,4.41,Night,Premium,74,794.8467230229943,197.95454545454547
477,37,12,Rural,Silver,15,3.73,Evening,Economy,142,1081.921859136315,192.91666666666666
478,93,28,Urban,Silver,63,3.9,Evening,Economy,38,174.08836346589166,55.820105820105844
479,66,49,Rural,Gold,42,4.56,Afternoon,Economy,124,567.5318300844349,32.000000000000014
480,47,36,Rural,Silver,100,4.2,Morning,Economy,103,514.4403085694838,24.027777777777786
481,71,30,Rural,Regular,45,4.16,Evening,Premium,53,510.7821449117648,124.83333333333331
482,58,19,Urban,Silver,47,3.97,Evening,Economy,77,717.5818052783019,190.0
483,100,18,Suburban,Silver,50,4.89,Morning,Premium,51,557.2897998079019,160.63100137174214
484,94,28,Urban,Regular,59,4.45,Night,Economy,173,1027.7971545445828,57.49559082892416
485,49,6,Rural,Silver,23,4.65,Night,Premium,69,650.4973275633196,124.58333333333336
486,42,7,Rural,Gold,90,3.67,Evening,Economy,32,204.20807438797758,65.00000000000003
487,79,63,Urban,Gold,56,4.66,Evening,Premium,70,462.29319365834357,57.99999999999999
488,59,5,Rural,Gold,17,4.97,Evening,Premium,143,1430.8487124732308,224.50000000000006
489,54,7,Urban,Regular,91,3.75,Night,Economy,97,632.8701261622647,112.14285714285714
490,60,6,Rural,Silver,65,4.76,Morning,Economy,168,1730.3121813166058,175.0
491,26,13,Suburban,Silver,4,3.63,Night,Premium,123,1033.5910961800053,133.84615384615387
492,90,10,Rural,Silver,59,4.44,Morning,Premium,147,845.1682440137172,22.222222222222232
493,34,12,Suburban,Silver,38,4.18,Afternoon,Economy,24,287.8699563445968,169.16666666666663
494,80,34,Suburban,Silver,84,3.8,Night,Economy,174,1254.9802256182686,123.52941176470591
495,21,7,Rural,Regular,58,4.31,Morning,Premium,75,412.9190772149552,25.71428571428572
496,97,71,Suburban,Silver,52,4.32,Evening,Economy,36,127.78840656492757,-4.197530864197528
497,64,7,Suburban,Regular,92,4.58,Evening,Premium,16,288.38656535873537,151.42857142857144
498,47,34,Rural,Gold,16,4.38,Evening,Premium,46,311.42506816132834,31.32352941176471
499,44,28,Rural,Gold,30,3.93,Evening,Premium,42,234.53766777673306,49.28571428571431
500,21,9,Suburban,Gold,13,4.01,Evening,Economy,127,421.6682288688565,-2.2222222222222103
501,57,37,Urban,Gold,59,3.92,Evening,Economy,159,857.3373216170291,46.35135135135135
502,62,5,Rural,Silver,51,4.4,Afternoon,Economy,160,2206.9669184691666,241.00000000000006
503,25,6,Urban,Gold,60,3.91,Evening,Premium,145,820.7156316877526,46.666666666666686
504,92,33,Suburban,Silver,70,3.69,Evening,Premium,46,226.46249937318728,30.789375233819683
505,38,7,Rural,Gold,46,3.79,Night,Economy,78,295.8401979228418,49.28571428571427
506,99,31,Urban,Silver,0,3.54,Morning,Economy,50,288.7179474760559,49.820788530465975
507,35,7,Rural,Regular,65,4.19,Night,Economy,65,226.97925824152577,37.50000000000001
508,30,13,Urban,Gold,53,3.68,Night,Premium,124,887.3713999888777,133.84615384615387
509,28,6,Urban,Gold,53,4.48,Night,Premium,148,676.2940123111571,46.66666666666668
510,59,47,Rural,Silver,73,3.54,Night,Economy,75,279.7339161644737,19.25531914893617
511,24,13,Urban,Silver,50,4.26,Night,Premium,141,1262.914287118407,133.84615384615384
512,21,6,Suburban,Regular,15,3.81,Evening,Premium,80,467.63420485912906,46.66666666666669
513,84,54,Suburban,Silver,59,4.98,Afternoon,Premium,43,162.86885815137614,-17.03703703703704
514,100,50,Urban,Silver,83,4.91,Morning,Premium,173,614.8063510236848,-1.2345679012345778
515,30,11,Urban,Silver,99,4.96,Evening,Economy,83,279.73962235221967,-19.999999999999996
516,45,35,Rural,Regular,0,4.58,Afternoon,Premium,41,251.79424107072936,22.142857142857125
517,53,35,Urban,Gold,35,3.92,Afternoon,Premium,166,914.8351226626152,43.85714285714285
518,65,41,Rural,Gold,51,3.57,Night,Premium,48,378.199384306169,50.60975609756097
519,93,6,Rural,Silver,85,4.47,Night,Economy,107,682.2078993599567,110.49382716049385
520,28,5,Rural,Regular,69,4.49,Morning,Premium,132,748.8601732394935,76.00000000000003
521,38,8,Urban,Silver,78,3.57,Night,Economy,114,614.288912211575,30.624999999999993
522,25,6,Urban,Regular,69,4.45,Evening,Premium,94,583.8091980919631,46.66666666666668
523,76,23,Rural,Regular,64,3.57,Night,Premium,115,1773.394371599337,213.91304347826087
524,22,7,Suburban,Gold,73,4.91,Morning,Premium,73,299.6010178415583,25.7142857142857
525,40,5,Rural,Silver,17,4.55,Afternoon,Economy,72,406.90149638438805,120.00000000000001
526,89,16,Suburban,Regular,27,4.86,Afternoon,Economy,161,1629.1678959700464,160.9567901234568
527,31,21,Suburban,Silver,77,4.83,Afternoon,Economy,107,563.6804310854117,44.76190476190478
528,92,45,Rural,Silver,59,4.23,Morning,Premium,121,551.3934733911599,-4.087791495198902
529,58,32,Urban,Gold,92,4.59,Afternoon,Premium,111,891.835620475924,72.1875
530,58,20,Rural,Silver,42,3.51,Evening,Economy,125,1452.3786992431071,175.49999999999997
531,36,7,Suburban,Regular,26,4.35,Morning,Economy,59,284.97408927986106,41.428571428571445
532,66,40,Rural,Regular,93,4.86,Evening,Economy,153,982.8487572153987,56.75
533,76,54,Urban,Regular,58,4.05,Evening,Economy,74,332.31027039196124,51.99999999999999
534,55,23,Urban,Gold,46,4.58,Afternoon,Premium,150,1487.2543053109744,127.1739130434783
535,21,8,Urban,Regular,57,4.78,Night,Premium,84,322.9162383089673,10.000000000000005
536,61,45,Rural,Gold,42,4.25,Afternoon,Economy,102,543.4232429311767,28.777777777777775
537,72,62,Suburban,Regular,48,3.82,Evening,Economy,126,797.3867590100084,44.000000000000014
538,65,18,Rural,Gold,65,4.01,Morning,Economy,111,1134.2250634401544,243.05555555555557
539,20,8,Rural,Silver,27,4.99,Morning,Economy,83,287.5896653298694,10.000000000000012
540,22,7,Suburban,Silver,16,4.1,Night,Economy,147,653.7944755003513,25.71428571428571
541,72,49,Suburban,Gold,15,4.34,Night,Premium,19,169.3919204654837,44.000000000000014
542,42,30,Urban,Regular,26,4.79,Afternoon,Economy,138,655.7098846418044,33.00000000000001
543,100,54,Suburban,Regular,91,4.59,Night,Premium,61,200.60572418730754,-1.234567901234569
544,87,32,Suburban,Silver,38,4.76,Afternoon,Economy,114,537.9600474018763,27.546296296296298
545,36,8,Urban,Gold,47,4.07,Afternoon,Economy,77,377.44849625265846,23.750000000000004
546,70,38,Urban,Silver,99,4.19,Morning,Economy,76,556.1008043167832,75.00000000000001
547,41,7,Urban,Gold,4,4.15,Night,Economy,83,587.7722831722007,61.07142857142856
548,59,40,Rural,Gold,64,4.72,Night,Economy,157,558.1451943449424,40.12500000000001
549,33,14,Urban,Regular,38,4.89,Morning,Economy,127,1032.9959627344213,123.92857142857146
550,70,26,Urban,Silver,15,3.67,Night,Premium,70,916.254410566278,155.76923076923072
551,45,7,Rural,Regular,87,4.35,Evening,Economy,74,396.5429208838206,76.78571428571426
552,98,71,Suburban,Regular,83,4.55,Morning,Economy,139,540.4581912307598,-3.209876543209875
553,75,63,Urban,Gold,42,4.55,Evening,Premium,138,990.663843389045,49.999999999999986
554,100,34,Rural,Gold,33,4.75,Night,Economy,156,741.5776878423202,37.98111837327524
555,76,23,Urban,Silver,53,3.94,Evening,Economy,117,1507.1102408539425,213.91304347826087
556,32,12,Urban,Silver,69,3.68,Morning,Economy,55,411.1171980924447,153.33333333333331
557,35,23,Suburban,Gold,58,3.78,Afternoon,Economy,164,922.3904394713173,44.56521739130435
558,30,16,Suburban,Gold,89,3.63,Afternoon,Economy,142,798.2110861186316,90.00000000000001
559,75,56,Urban,Regular,66,3.69,Evening,Premium,22,186.73590074103828,50.000000000000014
560,25,6,Rural,Regular,23,3.95,Morning,Premium,55,345.0745725055105,46.666666666666664
561,88,16,Suburban,Gold,26,4.18,Morning,Economy,32,328.5466843363022,158.02469135802468
562,43,26,Rural,Silver,69,4.9,Evening,Economy,107,614.3635599044351,57.11538461538458
563,39,20,Rural,Silver,97,4.25,Morning,Economy,121,591.9534440136671,85.24999999999999
564,77,63,Suburban,Gold,72,4.56,Morning,Economy,113,585.6394709727539,54.0
565,41,14,Suburban,Silver,59,4.72,Morning,Premium,49,499.73802179048954,178.2142857142857
566,51,20,Rural,Silver,97,4.8,Morning,Economy,130,1095.242870697851,142.25
567,30,10,Suburban,Gold,86,4.95,Evening,Economy,149,497.78884903773985,-11.99999999999999
568,29,8,Urban,Gold,52,4.68,Afternoon,Premium,121,442.3714653405537,10.000000000000005
569,21,5,Rural,Gold,8,4.44,Afternoon,Premium,159,1214.1222015143048,76.00000000000003
570,50,15,Suburban,Regular,62,4.51,Night,Economy,83,974.2152722945849,216.66666666666669
571,61,42,Rural,Gold,11,3.72,Night,Economy,52,257.3618513608236,37.97619047619049
572,67,5,Suburban,Silver,81,4.53,Morning,Premium,14,335.5847588479032,268.50000000000006
573,73,22,Suburban,Regular,26,4.99,Night,Economy,33,453.470149214201,215.22727272727275
574,35,18,Urban,Gold,27,3.82,Morning,Economy,158,1023.0606771819596,84.72222222222223
575,96,58,Urban,Silver,25,3.61,Morning,Economy,85,319.1167845059264,-5.185185185185187
576,38,28,Urban,Gold,8,4.83,Morning,Economy,29,122.50819527184164,28.92857142857144
577,75,28,Urban,Gold,6,4.02,Evening,Premium,171,1463.1994709215446,154.46428571428572
578,57,26,Suburban,Silver,92,4.11,Afternoon,Premium,58,551.2381435345196,108.26923076923079
579,36,10,Rural,Gold,65,3.54,Night,Economy,53,183.76174467609567,-0.9999999999999849
580,73,27,Rural,Gold,98,3.97,Evening,Economy,57,645.097938754818,156.85185185185182
581,68,29,Rural,Gold,51,3.99,Evening,Economy,110,667.5832081153372,122.75862068965517
582,25,9,Rural,Gold,11,3.58,Night,Economy,31,90.59777096503944,-2.2222222222222183
583,97,25,Urban,Regular,95,4.91,Night,Premium,101,604.739497065753,82.02469135802467
584,30,7,Rural,Regular,85,3.74,Evening,Economy,44,231.45519848457957,25.714285714285705
585,83,7,Suburban,Gold,24,4.9,Morning,Premium,24,200.60522059414524,61.02292768959436
586,27,5,Rural,Gold,2,4.3,Evening,Economy,22,107.32799830691589,76.00000000000003
587,58,21,Suburban,Gold,72,4.14,Afternoon,Economy,10,94.15799671987205,162.38095238095238
588,32,15,Urban,Gold,67,3.76,Evening,Premium,23,267.76931808439167,102.66666666666669
589,76,8,Urban,Gold,40,4.68,Afternoon,Economy,157,1467.1269198237885,161.25
590,21,9,Suburban,Regular,38,4.54,Morning,Economy,179,534.2370389885843,-2.2222222222222046
591,47,37,Urban,Gold,53,4.69,Night,Economy,41,177.94803920671518,20.675675675675684
592,33,20,Suburban,Regular,97,4.13,Morning,Premium,169,1048.4885455011145,56.75
593,92,66,Rural,Silver,26,3.56,Evening,Economy,19,56.398757537802666,-9.135802469135799
594,24,7,Rural,Silver,34,3.51,Afternoon,Premium,111,600.5888569023807,25.714285714285705
595,75,9,Rural,Gold,71,4.06,Night,Economy,150,941.8882124313494,129.1666666666667
596,89,76,Urban,Gold,35,4.8,Night,Premium,177,571.6204724599668,-12.098765432098759
597,67,20,Urban,Regular,42,4.13,Evening,Economy,68,774.075075500148,218.25000000000006
598,61,23,Suburban,Silver,51,4.73,Evening,Premium,150,1715.6552750787587,151.9565217391304
599,80,67,Rural,Regular,80,4.74,Night,Economy,147,691.6916123858213,60.00000000000002
600,66,15,Suburban,Gold,62,4.59,Night,Economy,161,3012.6511696830785,318.0
601,39,12,Suburban,Regular,54,3.77,Morning,Premium,176,1576.0278829114404,208.75
602,46,22,Urban,Regular,9,4.33,Morning,Economy,128,1038.4658078208965,98.63636363636363
603,89,74,Rural,Silver,41,4.89,Morning,Premium,115,379.87642976511614,-12.098765432098752
604,60,16,Urban,Gold,56,4.33,Night,Premium,126,1362.5033016643506,256.25000000000006
605,58,13,Rural,Regular,99,3.62,Morning,Premium,106,1489.5620235269967,323.84615384615387
606,68,16,Urban,Silver,93,4.44,Morning,Premium,154,2059.915487308754,303.74999999999994
607,45,19,Suburban,Silver,71,3.72,Night,Economy,121,706.3344912709499,124.99999999999997
608,91,61,Suburban,Gold,100,4.88,Night,Economy,101,334.5472967658904,-10.123456790123441
609,39,12,Urban,Regular,70,4.02,Morning,Premium,66,970.9199763185844,208.75
610,97,9,Rural,Gold,58,4.32,Evening,Premium,142,719.4974990031574,46.36488340192045
611,42,18,Suburban,Silver,39,3.94,Afternoon,Economy,128,1168.5288991566692,121.6666666666667
612,27,15,Urban,Gold,11,3.77,Evening,Economy,111,877.2414444708103,102.66666666666669
613,67,48,Rural,Regular,94,4.3,Evening,Premium,168,729.767726256892,34.00000000000002
614,69,51,Urban,Regular,75,3.57,Night,Premium,136,648.8521446707304,38.00000000000001
615,69,47,Urban,Regular,65,4.22,Night,Economy,18,74.66996314401598,39.46808510638297
616,93,18,Suburban,Gold,34,3.54,Afternoon,Economy,80,853.3678572890556,142.38683127572017
617,84,74,Suburban,Regular,7,4.4,Afternoon,Premium,101,328.84015867026363,-17.037037037037038
618,96,48,Urban,Gold,41,4.39,Morning,Economy,130,348.7127685309847,-5.1851851851851825
619,30,13,Suburban,Gold,72,4.18,Night,Premium,113,825.3264970396013,133.84615384615387
620,60,48,Suburban,Regular,15,4.06,Morning,Economy,78,406.9266990835751,20.00000000000001
621,72,39,Urban,Regular,39,3.77,Night,Premium,115,610.1560032102365,75.38461538461539
622,31,13,Suburban,Regular,82,4.63,Morning,Economy,108,1097.3252133225146,133.84615384615387
623,71,13,Rural,Silver,60,4.3,Night,Premium,62,1109.5162851626503,418.8461538461537
624,91,61,Rural,Silver,86,4.44,Morning,Premium,129,510.08463090447384,-10.123456790123438
625,91,60,Rural,Gold,2,3.53,Evening,Premium,107,442.35348348866745,-10.123456790123443
626,32,6,Urban,Silver,13,4.75,Afternoon,Economy,53,255.03496254417124,46.666666666666686
627,23,10,Suburban,Gold,47,4.84,Evening,Economy,125,367.9340054637465,-11.99999999999999
628,61,47,Suburban,Silver,100,4.58,Night,Premium,157,811.6748271364662,23.29787234042551
629,57,40,Urban,Regular,78,3.62,Afternoon,Economy,171,1035.0709434080177,35.375
630,89,70,Suburban,Gold,86,4.51,Afternoon,Economy,90,337.7247109712087,-12.098765432098755
631,64,45,Rural,Gold,22,3.96,Night,Premium,118,546.6621058309606,35.11111111111112
632,91,29,Urban,Regular,82,3.73,Afternoon,Premium,90,657.766400683832,47.211579395487455
633,91,53,Suburban,Gold,67,4.56,Night,Economy,50,142.10085737183698,-10.123456790123436
634,69,37,Suburban,Regular,47,4.39,Evening,Premium,60,503.55915618880516,77.16216216216216
635,71,61,Suburban,Regular,79,3.85,Afternoon,Economy,147,839.6445463868426,41.999999999999986
636,38,7,Rural,Silver,28,3.85,Evening,Economy,12,53.74327220728414,49.28571428571426
637,100,32,Suburban,Regular,67,3.94,Evening,Premium,162,851.975664146233,46.60493827160493
638,65,51,Suburban,Gold,97,4.81,Night,Premium,144,764.5778008108027,30.0
639,73,38,Urban,Regular,91,4.23,Evening,Premium,86,730.4878827669243,82.5
640,56,25,Suburban,Regular,87,3.73,Evening,Premium,172,1224.4730563450212,112.79999999999998
641,75,55,Rural,Silver,80,4.7,Morning,Economy,69,286.4682790217032,49.999999999999986
642,97,21,Urban,Regular,43,3.79,Afternoon,Premium,106,862.7957020437274,116.69606114050559
643,94,71,Rural,Regular,48,4.73,Night,Premium,169,715.674987640115,-7.160493827160481
644,53,22,Urban,Silver,28,4.99,Afternoon,Premium,64,483.08999348865666,128.86363636363635
645,81,8,Rural,Silver,78,4.8,Afternoon,Premium,141,1721.9378479523273,178.4375
646,47,34,Rural,Silver,87,3.53,Morning,Premium,170,970.7791443226113,31.32352941176471
647,80,48,Suburban,Regular,13,4.44,Night,Economy,35,205.9857182102962,60.00000000000001
648,75,55,Rural,Gold,54,4.73,Night,Premium,145,876.7375949873583,49.999999999999986
649,89,12,Urban,Silver,42,4.73,Afternoon,Economy,102,1142.3435058739894,247.94238683127568
650,30,13,Rural,Gold,8,4.1,Afternoon,Economy,94,642.3294933457973,133.84615384615387
651,64,5,Rural,Gold,91,4.34,Evening,Premium,21,381.0155132704477,252.00000000000006
652,55,29,Suburban,Gold,92,4.85,Morning,Economy,44,327.51910669378384,80.17241379310343
653,94,76,Suburban,Gold,26,4.7,Morning,Premium,94,376.29518740303695,-7.1604938271604786
654,53,28,Urban,Gold,6,3.67,Evening,Economy,178,1395.0396909769456,79.82142857142858
655,29,7,Suburban,Regular,68,3.98,Morning,Economy,114,363.477313192748,25.71428571428572
656,29,17,Urban,Silver,76,3.61,Morning,Economy,166,1205.5081510660357,78.82352941176471
657,75,42,Suburban,Silver,38,4.25,Afternoon,Economy,146,812.7927780443322,69.64285714285715
658,74,53,Suburban,Regular,60,3.93,Night,Economy,162,1001.1318399690576,48.00000000000003
659,89,75,Urban,Silver,10,4.91,Evening,Economy,16,47.861816282269665,-12.098765432098753
660,29,13,Suburban,Gold,44,4.29,Evening,Premium,87,626.1006674490017,133.84615384615387
661,40,20,Rural,Silver,45,4.42,Evening,Premium,130,846.4200723606734,89.99999999999999
662,79,11,Urban,Regular,1,4.35,Night,Premium,45,415.25710035208516,97.50000000000001
663,98,87,Urban,Gold,87,4.28,Afternoon,Premium,170,584.4630977046909,-3.2098765432098726
664,95,76,Urban,Regular,74,4.39,Night,Economy,118,436.2883986066507,-6.172839506172826
665,79,13,Rural,Gold,67,4.05,Evening,Premium,151,2972.767154150117,477.3076923076922
666,38,22,Suburban,Regular,18,4.17,Night,Premium,121,739.2931358297891,64.0909090909091
667,83,41,Suburban,Silver,48,3.64,Evening,Economy,176,704.0651051792969,-5.0286058416139525
668,59,24,Suburban,Regular,40,4.0,Afternoon,Premium,147,1475.1222582618138,133.54166666666666
669,51,11,Suburban,Regular,72,3.62,Afternoon,Economy,16,90.79739234181154,27.499999999999996
670,64,46,Rural,Silver,51,5.0,Evening,Premium,29,191.12530561187828,32.17391304347827
671,30,6,Rural,Regular,93,3.81,Evening,Economy,129,742.0188876142681,46.66666666666667
672,60,15,Suburban,Regular,95,4.84,Afternoon,Economy,180,2760.0688756135696,280.0
673,75,51,Rural,Regular,17,4.83,Afternoon,Premium,79,425.11991813778724,50.0
674,25,15,Suburban,Regular,88,4.68,Afternoon,Premium,31,300.32461608877594,102.66666666666669
675,46,31,Suburban,Gold,67,3.53,Morning,Economy,61,223.56369249045716,40.96774193548388
676,48,11,Urban,Regular,86,3.55,Night,Economy,15,69.47355129673358,20.000000000000004
677,51,6,Rural,Gold,64,4.57,Morning,Economy,34,333.22868671631346,133.75
678,68,23,Suburban,Gold,96,4.77,Morning,Economy,105,1008.681569843489,180.86956521739128
679,89,8,Suburban,Silver,18,3.83,Morning,Economy,121,615.7306566898939,51.080246913580254
680,84,55,Suburban,Regular,1,4.47,Afternoon,Economy,146,404.3607507736992,-17.03703703703704
681,50,8,Rural,Regular,25,3.8,Evening,Premium,13,154.02256464747822,71.875
682,99,40,Urban,Gold,26,4.83,Evening,Premium,151,592.930768622832,16.111111111111118
683,21,9,Urban,Gold,91,4.82,Morning,Economy,47,167.81318260323224,-2.222222222222215
684,53,19,Suburban,Silver,54,3.84,Evening,Economy,132,1379.4981527099455,165.0
685,60,16,Urban,Gold,68,4.23,Night,Economy,108,1631.9681642410883,256.24999999999994
686,32,22,Suburban,Silver,9,4.68,Night,Premium,135,732.5697433584774,38.18181818181819
687,51,25,Rural,Regular,21,4.43,Evening,Premium,38,388.10050617825055,93.80000000000001
688,22,5,Urban,Regular,75,4.39,Night,Premium,19,225.30949793889243,76.00000000000001
689,21,7,Rural,Regular,6,4.96,Afternoon,Premium,180,1051.117783334278,25.71428571428571
690,55,21,Rural,Silver,49,4.59,Morning,Economy,111,1172.1144267225732,148.80952380952382
691,42,31,Rural,Gold,32,4.75,Night,Economy,12,65.17880663629225,28.70967741935483
692,86,26,Rural,Silver,31,3.69,Afternoon,Economy,85,408.3621678357011,55.175688509021825
693,48,18,Rural,Silver,60,4.47,Afternoon,Premium,124,1327.8860840884104,153.3333333333333
694,82,65,Urban,Gold,43,4.8,Night,Premium,112,267.44273178920696,-19.012345679012327
695,63,48,Rural,Regular,88,4.09,Morning,Economy,70,268.05334744077976,26.0
696,44,24,Urban,Regular,83,3.61,Night,Economy,13,85.21792566595082,74.16666666666667
697,39,18,Suburban,Gold,78,4.21,Afternoon,Economy,165,1511.6299533008407,105.83333333333333
698,23,7,Rural,Gold,98,4.35,Morning,Economy,76,353.68394580339196,25.71428571428571
699,31,7,Rural,Silver,27,4.73,Morning,Premium,141,598.7643926637202,25.7142857142857
700,44,7,Rural,Regular,55,3.66,Night,Premium,103,847.5914450984527,72.85714285714288
701,23,5,Urban,Gold,92,3.71,Night,Economy,105,639.6628055887942,76.00000000000003
702,63,46,Urban,Silver,36,4.59,Morning,Economy,18,64.8460903270231,30.108695652173918
703,25,15,Urban,Gold,15,4.18,Morning,Premium,176,1047.4412396623916,102.66666666666669
704,27,11,Rural,Regular,1,4.34,Night,Economy,99,210.1491731017745,-19.999999999999993
705,57,28,Urban,Gold,27,4.58,Afternoon,Economy,107,819.037813454156,93.39285714285717
706,83,26,Suburban,Gold,77,3.62,Night,Premium,74,560.0755722623477,49.76258309591644
707,80,5,Suburban,Regular,53,3.67,Evening,Premium,48,810.6689565853238,340.00000000000006
708,50,40,Rural,Silver,61,4.7,Evening,Premium,73,378.94429224377063,18.750000000000004
709,84,8,Rural,Gold,21,4.63,Night,Economy,172,783.1196689796242,42.59259259259259
710,90,54,Rural,Regular,1,3.59,Afternoon,Premium,87,380.31747817351743,-11.11111111111111
711,28,9,Urban,Silver,68,4.82,Evening,Premium,43,160.66491516083363,-2.2222222222222068
712,97,64,Rural,Silver,62,3.52,Morning,Premium,152,611.3481477316873,-4.197530864197535
713,99,22,Suburban,Silver,7,4.4,Morning,Economy,39,277.4920173466365,111.11111111111111
714,96,53,Rural,Regular,58,4.28,Afternoon,Economy,21,52.75247009136792,-5.185185185185187
715,88,69,Rural,Gold,89,3.6,Evening,Premium,107,406.6925387388446,-13.086419753086417
716,53,17,Rural,Silver,78,4.03,Afternoon,Premium,26,356.1438919367487,196.1764705882353
717,28,14,Rural,Silver,77,3.58,Afternoon,Economy,98,813.5369683558137,117.14285714285717
718,59,21,Rural,Regular,97,3.6,Afternoon,Premium,67,719.1592407591633,166.90476190476193
719,50,27,Suburban,Gold,100,4.22,Morning,Premium,173,1206.2707572054783,75.92592592592592
720,89,8,Urban,Gold,40,3.59,Morning,Premium,151,797.7074650343819,51.08024691358024
721,83,34,Urban,Silver,96,4.71,Evening,Premium,176,930.0211411163025,14.524328249818469
722,73,14,Urban,Gold,28,4.31,Evening,Economy,29,589.3415427940682,395.35714285714283
723,76,35,Suburban,Regular,8,4.89,Afternoon,Premium,138,838.7369016775668,106.28571428571428
724,56,35,Rural,Silver,33,3.97,Morning,Economy,47,204.85926086161288,51.99999999999997
725,40,20,Rural,Regular,11,4.4,Afternoon,Economy,83,653.2171879757253,89.99999999999999
726,27,6,Urban,Silver,92,3.73,Night,Premium,125,675.0828516338285,46.666666666666664
727,32,7,Urban,Regular,79,4.05,Morning,Economy,83,385.17657981601667,25.71428571428572
728,48,24,Urban,Silver,35,4.2,Night,Premium,51,477.70016487655886,90.0
729,71,41,Urban,Gold,31,3.81,Afternoon,Premium,140,1011.1523488625131,64.51219512195122
730,53,6,Rural,Silver,74,4.12,Night,Economy,76,561.5387176631922,142.91666666666666
731,87,44,Rural,Silver,61,3.87,Evening,Premium,16,109.23868545115876,-7.239057239057231
732,36,16,Urban,Regular,82,4.62,Afternoon,Premium,72,541.8375336241756,113.75000000000004
733,39,20,Rural,Gold,71,4.11,Morning,Economy,111,749.5185344974449,85.24999999999997
734,91,81,Rural,Gold,15,4.68,Evening,Premium,20,121.4926576025523,-10.123456790123445
735,31,18,Urban,Regular,46,4.86,Night,Economy,128,609.4499968069301,68.88888888888891
736,94,67,Suburban,Silver,34,4.64,Night,Premium,64,214.76221172215725,-7.160493827160486
737,83,18,Urban,Gold,12,4.98,Morning,Economy,81,619.5712719421487,116.323731138546
738,34,9,Urban,Silver,65,4.69,Afternoon,Premium,107,528.4950548023397,3.8888888888889044
739,32,6,Rural,Gold,75,4.47,Morning,Premium,154,1058.5245280529834,46.66666666666667
740,22,7,Urban,Gold,15,3.53,Evening,Premium,180,694.2814996808976,25.71428571428572
741,49,20,Rural,Silver,52,4.74,Afternoon,Premium,162,1188.4840897569661,132.75
742,61,38,Urban,Silver,95,3.5,Night,Economy,164,634.3686649707233,52.49999999999999
743,21,9,Urban,Gold,48,4.4,Afternoon,Premium,152,645.391714518672,-2.2222222222222117
744,40,18,Urban,Silver,16,4.59,Afternoon,Premium,157,1359.6496594892228,111.1111111111111
745,22,6,Urban,Silver,82,4.3,Morning,Premium,172,1042.6303268358824,46.66666666666668
746,34,11,Suburban,Gold,66,4.59,Morning,Economy,134,406.4701305949314,-15.000000000000002
747,56,31,Rural,Silver,9,4.79,Afternoon,Premium,167,1277.5175121412667,71.61290322580643
748,93,36,Urban,Gold,60,4.63,Afternoon,Economy,111,580.2374233061433,21.193415637860085
749,38,9,Suburban,Gold,57,4.26,Morning,Premium,16,120.820662212846,16.111111111111125
750,76,26,Suburban,Silver,74,4.18,Evening,Premium,159,1350.0953682843622,177.6923076923077
751,47,24,Suburban,Silver,11,3.62,Night,Premium,148,1222.468047652326,86.04166666666664
752,64,10,Urban,Silver,62,4.98,Evening,Economy,38,169.4893048252434,76.00000000000003
753,56,10,Rural,Gold,28,3.8,Afternoon,Economy,144,939.2587430428053,54.0
754,44,25,Rural,Silver,32,4.43,Night,Premium,154,839.5132170074644,67.20000000000002
755,34,6,Rural,Regular,11,3.75,Morning,Economy,179,725.7455328110697,55.833333333333314
756,45,18,Suburban,Silver,70,3.84,Night,Economy,122,732.5353049226045,137.5
757,31,7,Rural,Regular,22,4.88,Afternoon,Premium,172,1013.2838825269702,25.71428571428571
758,95,28,Rural,Regular,34,4.48,Evening,Economy,163,918.3654915863816,59.17107583774253
759,82,59,Rural,Regular,39,3.5,Night,Premium,67,230.24338269090023,-19.01234567901233
760,95,38,Urban,Silver,39,3.71,Afternoon,Premium,97,561.0468683348679,17.283950617283956
761,27,12,Suburban,Silver,1,4.93,Evening,Economy,41,302.6887466045764,153.33333333333331
762,94,23,Suburban,Regular,71,4.15,Night,Premium,154,1021.0010342508643,91.73376274825551
763,66,15,Urban,Silver,88,4.21,Evening,Premium,65,1220.1456763580497,317.99999999999994
764,40,6,Rural,Gold,37,4.75,Afternoon,Premium,148,1297.7348874505192,83.33333333333333
765,56,27,Suburban,Silver,62,4.74,Evening,Premium,129,858.5208201013913,97.03703703703704
766,54,6,Suburban,Gold,48,4.26,Morning,Economy,154,1247.6081827540306,147.50000000000003
767,46,15,Suburban,Silver,96,4.69,Morning,Premium,116,1449.025020433162,191.3333333333333
768,65,16,Suburban,Silver,82,3.62,Evening,Premium,146,1778.4011032615883,285.9375
769,96,48,Urban,Gold,11,4.19,Night,Economy,79,258.36665131809525,-5.185185185185186
770,47,9,Suburban,Gold,88,4.06,Night,Economy,93,354.6527260553368,43.61111111111114
771,20,7,Urban,Silver,55,4.43,Night,Economy,153,606.8759180020231,25.71428571428572
772,94,57,Suburban,Regular,13,4.04,Afternoon,Economy,60,190.7812484033281,-7.160493827160483
773,52,30,Suburban,Silver,25,3.67,Night,Economy,142,875.3782345937428,64.66666666666667
774,71,6,Suburban,Gold,48,4.05,Afternoon,Economy,157,1793.0405410250269,225.41666666666669
775,46,8,Rural,Gold,39,3.97,Evening,Premium,123,627.6909440230858,58.124999999999986
776,53,40,Urban,Regular,13,3.79,Night,Economy,118,400.5488210499124,25.874999999999982
777,26,11,Urban,Regular,97,3.64,Morning,Economy,141,341.64404896544227,-19.999999999999996
778,100,46,Suburban,Gold,74,3.74,Afternoon,Economy,171,457.2165440728306,1.9860440150295093
779,74,38,Urban,Regular,95,5.0,Evening,Economy,167,842.5054287705648,85.00000000000001
780,53,5,Rural,Gold,100,4.46,Night,Premium,33,522.282939435721,191.5
781,75,63,Urban,Gold,24,4.18,Afternoon,Economy,29,156.27882396015312,50.0
782,44,9,Suburban,Regular,54,4.2,Morning,Premium,13,123.25529034662495,34.444444444444464
783,76,60,Suburban,Regular,81,3.6,Evening,Premium,72,401.41031929662057,52.0
784,88,18,Suburban,Silver,80,4.83,Evening,Economy,109,973.9731011763574,129.35528120713306
785,54,35,Rural,Gold,95,4.98,Evening,Premium,61,320.91875631957214,46.571428571428584
786,49,30,Urban,Regular,7,3.97,Afternoon,Premium,77,385.07763436826883,55.16666666666667
787,25,8,Urban,Silver,11,4.0,Afternoon,Economy,109,464.68041315379577,10.000000000000009
788,36,18,Suburban,Gold,15,4.21,Afternoon,Economy,86,532.9957438128347,90.0
789,42,25,Suburban,Silver,44,4.99,Morning,Premium,122,903.3096358529451,59.60000000000001
790,29,14,Rural,Gold,2,4.69,Night,Premium,180,1798.4056636472963,117.14285714285717
791,52,16,Urban,Silver,63,4.13,Morning,Economy,49,410.164513040177,208.74999999999994
792,37,6,Rural,Gold,59,4.73,Evening,Economy,20,146.13581716311668,69.58333333333334
793,91,17,Rural,Gold,21,4.84,Afternoon,Premium,149,1369.6060829352145,151.12563543936096
794,29,8,Rural,Silver,79,4.26,Morning,Premium,133,584.1681830994155,10.000000000000009
795,62,45,Rural,Regular,87,4.74,Afternoon,Premium,20,142.14841768303498,30.888888888888893
796,69,7,Urban,Regular,51,4.56,Afternoon,Premium,103,1254.1473231722216,171.07142857142858
797,32,14,Suburban,Silver,80,3.56,Afternoon,Premium,80,553.6080531665352,117.14285714285715
798,78,31,Urban,Gold,6,3.78,Evening,Premium,64,647.8076926890138,139.03225806451613
799,53,10,Rural,Silver,10,3.58,Evening,Economy,168,618.6918844862269,45.74999999999999
800,60,50,Suburban,Silver,54,4.57,Afternoon,Premium,38,182.13274380620683,20.000000000000025
801,97,58,Urban,Gold,1,4.11,Morning,Premium,83,366.99521898016616,-4.197530864197529
802,87,77,Urban,Gold,12,3.56,Night,Premium,11,84.02224207338016,-14.074074074074055
803,74,20,Rural,Silver,68,4.36,Night,Economy,32,420.37316749278256,251.5
804,90,58,Urban,Gold,1,4.7,Afternoon,Premium,21,112.5091294972914,-11.11111111111111
805,21,8,Rural,Regular,69,4.24,Afternoon,Premium,176,912.4878178727881,10.000000000000005
806,70,35,Urban,Silver,35,4.9,Night,Premium,108,795.7491641363606,89.99999999999999
807,37,7,Suburban,Regular,1,3.92,Evening,Economy,62,338.99190293079073,45.357142857142854
808,30,11,Rural,Gold,93,3.56,Night,Premium,155,560.9131779975504,-20.000000000000004
809,64,22,Urban,Regular,26,4.24,Evening,Premium,115,1074.3074446312626,176.36363636363637
810,40,23,Urban,Silver,6,3.96,Night,Economy,178,873.352468251193,65.21739130434784
811,28,18,Urban,Gold,100,3.62,Afternoon,Premium,92,645.2204741255908,68.8888888888889
812,85,19,Rural,Gold,17,3.69,Morning,Economy,164,1232.6705546567102,109.87654320987654
813,92,77,Urban,Gold,100,4.26,Night,Economy,47,152.41544077312489,-9.135802469135793
814,93,56,Suburban,Regular,56,4.65,Evening,Premium,86,279.9975244146672,-8.148148148148152
815,36,25,Rural,Regular,26,3.57,Afternoon,Economy,122,484.48280601981025,36.80000000000002
816,94,50,Suburban,Regular,88,4.95,Night,Premium,49,232.52613102851748,-7.160493827160481
817,27,8,Rural,Gold,48,4.18,Afternoon,Economy,167,544.7417560269099,10.000000000000005
818,86,41,Rural,Regular,96,4.5,Morning,Premium,68,296.73594852140747,-1.595904847937362
819,22,11,Rural,Regular,39,4.63,Evening,Economy,101,346.42763485411854,-19.999999999999996
820,95,56,Rural,Silver,86,3.79,Morning,Premium,147,630.0223688711988,-6.172839506172822
821,99,89,Urban,Silver,63,4.84,Afternoon,Economy,16,48.60855105950391,-2.222222222222215
822,22,8,Rural,Regular,4,4.84,Morning,Economy,122,448.9427469990342,10.000000000000005
823,100,85,Suburban,Silver,59,4.46,Evening,Economy,110,325.4160129798869,-1.2345679012345803
824,61,38,Rural,Silver,100,4.34,Evening,Premium,78,584.559651439385,52.5
825,33,18,Suburban,Gold,7,4.01,Night,Economy,105,545.2603733868274,74.16666666666666
826,39,22,Rural,Gold,63,3.87,Evening,Premium,170,1190.1295913638617,68.4090909090909
827,37,5,Urban,Silver,75,3.88,Evening,Premium,26,290.2221603348521,103.50000000000004
828,95,53,Suburban,Silver,6,4.01,Afternoon,Premium,158,665.0679335000618,-6.172839506172815
829,28,6,Suburban,Gold,54,4.03,Afternoon,Premium,168,869.8300131348389,46.66666666666668
830,66,17,Urban,Gold,84,4.47,Night,Economy,139,2229.108192522133,268.8235294117647
831,60,11,Suburban,Gold,18,4.29,Evening,Economy,26,150.3873940548717,50.0
832,94,34,Suburban,Gold,99,4.54,Afternoon,Premium,155,889.4477802172905,29.702251270878726
833,63,12,Urban,Silver,54,4.47,Evening,Premium,140,2226.484898926929,398.75
834,38,8,Suburban,Silver,59,4.44,Night,Premium,75,380.25974250798475,30.624999999999996
835,35,21,Suburban,Silver,13,4.14,Morning,Premium,36,306.60045696974476,58.33333333333333
836,83,64,Suburban,Gold,78,4.01,Evening,Economy,109,249.63623492502066,-18.024691358024683
837,62,14,Rural,Silver,33,4.23,Morning,Premium,85,1627.4698265044085,320.7142857142857
838,88,48,Urban,Gold,52,4.52,Night,Economy,92,200.6248646923665,-13.086419753086414
839,68,11,Rural,Silver,89,3.66,Evening,Economy,93,567.6481435594462,69.99999999999999
840,84,64,Urban,Regular,34,4.13,Evening,Premium,99,293.53109654440726,-17.037037037037038
841,40,10,Urban,Regular,60,3.87,Night,Premium,79,322.5179476827188,10.000000000000012
842,93,20,Urban,Regular,38,4.78,Afternoon,Premium,144,975.3034353666775,118.14814814814814
843,57,44,Urban,Gold,78,3.53,Evening,Economy,153,719.8121163952316,23.068181818181827
844,67,16,Suburban,Gold,24,4.52,Evening,Premium,150,1942.0699084938815,297.81250000000006
845,68,16,Urban,Silver,91,4.49,Night,Economy,77,996.2844378705316,303.74999999999994
846,38,22,Urban,Gold,60,3.6,Morning,Premium,104,512.2477742887849,64.0909090909091
847,49,28,Urban,Silver,61,3.9,Evening,Premium,172,958.0673608992006,66.25000000000001
848,98,59,Urban,Regular,55,4.6,Morning,Economy,100,369.1490185608537,-3.2098765432098726
849,47,9,Suburban,Gold,38,4.06,Morning,Economy,141,780.9145039518611,43.611111111111136
850,27,11,Urban,Regular,97,4.78,Evening,Premium,137,378.0179230368381,-20.0
851,59,29,Urban,Regular,68,4.4,Night,Premium,88,552.8829405178766,93.2758620689655
852,56,20,Urban,Regular,74,4.05,Evening,Economy,25,236.62348009353263,166.0
853,50,39,Urban,Gold,62,3.95,Morning,Premium,135,787.9898961153377,21.794871794871785
854,93,37,Urban,Gold,37,4.75,Night,Economy,76,345.4106558951307,17.91791791791791
855,46,22,Rural,Regular,97,3.51,Morning,Economy,100,786.1428320800359,98.63636363636364
856,56,19,Suburban,Silver,16,4.46,Evening,Premium,86,783.1034682493564,179.99999999999997
857,37,16,Suburban,Gold,8,4.5,Evening,Economy,46,422.9049785498551,119.68749999999999
858,85,58,Urban,Regular,85,4.1,Night,Premium,92,295.3133326403338,-16.049382716049372
859,27,7,Urban,Regular,89,3.6,Morning,Premium,120,698.2195780748161,25.71428571428571
860,44,16,Rural,Silver,31,3.96,Night,Premium,122,1032.9254352624532,161.25
861,75,51,Suburban,Regular,68,3.65,Afternoon,Premium,66,392.26546017018615,50.0
862,21,11,Urban,Gold,46,3.84,Morning,Economy,103,318.05187235291146,-20.0
863,42,29,Suburban,Silver,67,4.59,Morning,Premium,153,1011.6389617064051,37.58620689655173
864,25,15,Suburban,Silver,100,4.9,Night,Premium,94,586.6328726656449,102.66666666666669
865,67,46,Suburban,Regular,92,4.72,Morning,Economy,32,135.15247471472526,38.369565217391305
866,29,6,Suburban,Silver,24,4.37,Afternoon,Economy,50,289.6137516903042,46.666666666666686
867,100,70,Urban,Gold,42,4.9,Night,Premium,167,753.4639845427931,-1.2345679012345718
868,37,10,Suburban,Gold,27,4.26,Afternoon,Economy,143,521.417257084104,1.7500000000000164
869,31,14,Urban,Gold,37,4.3,Night,Premium,103,1051.9837190133708,117.14285714285715
870,49,12,Suburban,Silver,30,4.37,Afternoon,Premium,84,1369.4172439668696,287.91666666666674
871,42,19,Rural,Regular,56,4.84,Evening,Premium,144,1133.4365102209229,110.00000000000001
872,61,5,Rural,Regular,48,4.15,Morning,Economy,29,383.0190619294396,235.5
873,24,7,Suburban,Gold,85,4.36,Night,Economy,169,655.4844007410987,25.71428571428571
874,20,10,Rural,Regular,18,4.28,Evening,Premium,123,396.34133484941054,-11.999999999999984
875,22,9,Urban,Silver,36,4.51,Evening,Premium,10,80.85397854064824,-2.2222222222222183
876,98,87,Suburban,Regular,59,4.26,Afternoon,Economy,13,33.46430708694733,-3.2098765432098606
877,30,14,Urban,Silver,64,4.45,Afternoon,Economy,147,1162.08752803064,117.14285714285715
878,32,13,Urban,Regular,75,4.56,Evening,Premium,111,779.6458055364278,133.84615384615384
879,22,12,Urban,Silver,49,4.88,Night,Premium,35,455.59167702975486,153.33333333333331
880,62,8,Urban,Silver,13,4.2,Night,Premium,65,515.7437830345117,113.12499999999999
881,51,27,Urban,Gold,8,4.31,Night,Economy,92,662.83259303235,79.44444444444444
882,85,74,Suburban,Regular,82,3.92,Evening,Premium,177,591.2643060157994,-16.04938271604938
883,28,9,Urban,Silver,26,3.95,Night,Premium,114,456.59491663263407,-2.222222222222218
884,93,70,Suburban,Silver,21,3.81,Evening,Economy,12,37.77099218671988,-8.148148148148145
885,36,9,Suburban,Silver,53,4.46,Night,Premium,127,444.4327797567634,10.000000000000016
886,80,22,Rural,Gold,17,4.4,Morning,Economy,141,1463.8788984946393,245.45454545454547
887,60,24,Rural,Regular,18,4.16,Morning,Premium,45,393.59607333009996,137.5
888,97,45,Urban,Silver,90,3.71,Morning,Premium,151,585.3321358762487,1.1248285322359506
889,53,14,Suburban,Silver,24,3.99,Afternoon,Premium,161,2544.2912275135964,259.64285714285717
890,79,22,Rural,Silver,53,3.96,Evening,Premium,126,1851.7208388748581,241.13636363636363
891,44,24,Urban,Silver,55,4.08,Afternoon,Premium,137,895.1993835143437,74.16666666666669
892,34,12,Suburban,Regular,3,4.83,Night,Premium,62,803.0738771911136,169.16666666666663
893,55,12,Urban,Silver,96,4.66,Morning,Premium,48,797.9888463433637,335.41666666666663
894,49,29,Suburban,Regular,35,4.8,Evening,Premium,160,751.713349413907,60.51724137931036
895,72,54,Rural,Regular,68,3.85,Afternoon,Economy,74,317.5176050476412,44.00000000000003
896,72,27,Urban,Gold,76,3.97,Morning,Premium,70,673.7314249541602,153.33333333333334
897,99,6,Suburban,Gold,49,4.32,Afternoon,Economy,113,697.9670727186095,124.07407407407412
898,21,10,Rural,Regular,22,4.42,Morning,Economy,151,570.1060433418089,-11.999999999999982
899,50,25,Urban,Silver,89,4.74,Afternoon,Economy,107,729.4368697135036,89.99999999999999
900,61,35,Rural,Silver,4,4.77,Morning,Premium,115,923.7497989880915,65.57142857142854
901,24,5,Rural,Silver,57,4.96,Night,Premium,70,402.68097478158546,76.00000000000001
902,31,17,Rural,Silver,71,4.46,Evening,Premium,55,425.18624190747926,78.82352941176471
903,35,20,Suburban,Regular,62,3.55,Afternoon,Economy,117,493.90780890496154,66.24999999999999
904,74,30,Urban,Regular,97,3.9,Evening,Economy,179,1861.3639174265438,134.33333333333334
905,94,61,Urban,Regular,12,4.95,Evening,Premium,133,523.4753672437433,-7.16049382716049
906,44,11,Rural,Silver,31,3.92,Afternoon,Premium,110,373.2157808270797,10.000000000000012
907,84,37,Urban,Gold,3,3.83,Evening,Premium,69,265.14545076504606,6.506506506506497
908,27,12,Suburban,Regular,39,4.51,Morning,Premium,55,707.4807064563845,153.3333333333333
909,59,36,Suburban,Regular,43,3.74,Evening,Premium,25,225.82270718510574,55.694444444444436
910,82,20,Urban,Regular,59,3.99,Night,Premium,45,465.1417779632678,92.34567901234566
911,24,10,Urban,Gold,24,4.09,Morning,Premium,97,378.93667219809834,-11.99999999999999
912,84,67,Suburban,Regular,48,4.87,Night,Economy,81,182.5132974938025,-17.037037037037038
913,52,9,Suburban,Regular,24,4.19,Morning,Economy,102,582.6904553920984,58.888888888888914
914,38,12,Rural,Silver,44,4.85,Evening,Economy,110,1073.6182196185569,200.8333333333333
915,26,12,Urban,Regular,80,4.27,Afternoon,Economy,134,1118.3944091314606,153.33333333333331
916,61,39,Suburban,Regular,82,4.49,Morning,Premium,46,341.96910868546365,48.58974358974357
917,87,41,Rural,Gold,97,4.27,Afternoon,Premium,37,158.17431074893037,-0.451671183378485
918,98,46,Suburban,Gold,55,4.71,Evening,Economy,173,766.5076659591515,-0.05367686527106224
919,24,13,Urban,Silver,54,4.09,Morning,Economy,161,1091.413743067962,133.84615384615387
920,44,8,Urban,Gold,43,3.82,Night,Economy,86,353.1787685721484,51.250000000000014
921,71,59,Urban,Regular,71,4.47,Evening,Economy,31,147.82730196839745,41.99999999999998
922,91,59,Urban,Silver,68,4.77,Night,Economy,15,34.45486326401049,-10.123456790123441
923,32,14,Urban,Gold,75,4.49,Night,Economy,177,1652.4935361526839,117.14285714285717
924,79,24,Urban,Silver,0,4.26,Evening,Economy,82,890.7887956827417,212.70833333333331
925,73,27,Urban,Regular,55,4.27,Morning,Premium,50,554.9546141594886,156.85185185185185
926,32,16,Rural,Silver,80,4.78,Morning,Economy,11,74.81003227783599,90.00000000000001
927,22,10,Rural,Silver,5,4.44,Morning,Premium,129,415.16824970218045,-11.999999999999988
928,35,19,Urban,Silver,45,4.99,Afternoon,Economy,159,890.1777543151399,75.00000000000001
929,24,10,Suburban,Regular,79,4.3,Night,Economy,24,83.70428951943832,-11.999999999999995
930,67,31,Rural,Gold,64,3.62,Night,Economy,169,1509.4176384937805,105.3225806451613
931,100,73,Urban,Silver,95,3.98,Night,Premium,100,450.96599805510925,-1.234567901234576
932,66,16,Urban,Silver,94,4.52,Morning,Economy,34,479.0353483560821,291.875
933,96,36,Urban,Regular,57,4.06,Evening,Premium,139,750.3885216032336,25.1028806584362
934,60,8,Urban,Regular,68,4.84,Morning,Premium,144,904.4446265919906,106.25
935,92,31,Rural,Silver,54,3.91,Night,Premium,148,718.5986081524323,39.227399442453184
936,92,49,Urban,Silver,9,4.23,Evening,Premium,89,361.16983283428436,-9.1358024691358
937,56,37,Urban,Silver,27,4.12,Afternoon,Premium,68,457.00241589725175,43.78378378378376
938,88,71,Rural,Regular,42,4.87,Afternoon,Premium,109,287.49590469717,-13.086419753086417
939,87,47,Rural,Silver,6,4.54,Morning,Premium,162,645.4964025811166,-13.159968479117415
940,85,6,Suburban,Gold,92,4.11,Afternoon,Economy,73,527.4694326896692,92.38683127572014
941,98,54,Rural,Regular,34,4.57,Evening,Premium,113,447.56488006279307,-3.2098765432098664
942,28,14,Rural,Regular,24,4.2,Afternoon,Economy,147,1157.5457144081424,117.14285714285715
943,36,9,Suburban,Silver,22,3.51,Night,Premium,37,157.53962641440575,10.000000000000002
944,20,8,Suburban,Silver,38,4.82,Night,Premium,155,632.4402067963571,10.000000000000005
945,94,36,Rural,Regular,41,4.57,Morning,Economy,76,264.27625945831437,22.496570644718805
946,94,82,Suburban,Gold,48,4.92,Morning,Premium,20,120.47646237288549,-7.16049382716049
947,70,7,Urban,Regular,13,4.09,Afternoon,Economy,117,882.7521058916373,175.00000000000003
948,90,71,Suburban,Regular,37,3.51,Morning,Premium,32,153.41580003475815,-11.11111111111111
949,42,10,Urban,Silver,56,4.01,Night,Premium,95,525.7673018616365,15.500000000000028
950,44,18,Suburban,Gold,88,3.67,Night,Premium,50,464.07229461062,132.22222222222223
951,60,16,Suburban,Regular,28,3.91,Evening,Economy,105,1001.4082944134772,256.25
952,26,5,Rural,Silver,7,4.75,Afternoon,Premium,140,727.8444832701341,76.00000000000003
953,79,13,Rural,Regular,6,4.63,Afternoon,Economy,38,774.1368580888226,477.3076923076923
954,26,8,Rural,Gold,65,3.58,Night,Premium,89,416.3543577743125,10.000000000000004
955,62,7,Urban,Silver,2,4.71,Morning,Premium,28,394.7162333352202,143.57142857142858
956,42,16,Rural,Gold,33,3.63,Morning,Economy,166,1279.5833436546927,149.375
957,57,16,Urban,Regular,0,3.95,Afternoon,Economy,97,1044.5486112072542,238.43750000000003
958,33,13,Rural,Gold,34,4.78,Morning,Economy,66,576.5712256223849,141.15384615384613
959,22,10,Rural,Regular,26,4.97,Morning,Economy,170,494.70521414300595,-11.999999999999993
960,67,44,Urban,Regular,27,4.69,Morning,Economy,129,675.5867343117324,44.659090909090914
961,62,15,Suburban,Silver,15,4.28,Night,Economy,73,1285.7215885583805,292.6666666666667
962,95,49,Rural,Regular,92,4.27,Night,Premium,99,311.59401019194104,-6.1728395061728145
963,61,36,Urban,Silver,72,4.64,Night,Premium,109,735.7803952080712,60.972222222222214
964,48,12,Rural,Silver,25,4.26,Night,Economy,180,2100.7016630530675,280.0
965,93,59,Rural,Regular,30,4.11,Afternoon,Premium,89,258.1515850368966,-8.148148148148158
966,59,18,Urban,Gold,67,3.86,Morning,Economy,98,897.8747681917064,211.38888888888889
967,95,73,Urban,Regular,20,3.59,Evening,Premium,138,625.6622180218543,-6.172839506172816
968,71,33,Suburban,Regular,4,4.88,Evening,Premium,109,891.1968956186502,104.39393939393942
969,20,7,Suburban,Gold,71,3.83,Morning,Premium,51,312.0483856485931,25.71428571428571
970,23,7,Urban,Gold,96,3.97,Afternoon,Premium,165,620.0654541109922,25.71428571428572
971,80,69,Suburban,Silver,94,4.44,Night,Economy,74,466.41773132227746,60.00000000000001
972,58,10,Urban,Gold,51,4.27,Night,Premium,138,732.2017391129019,59.50000000000001
973,71,25,Urban,Gold,72,4.46,Evening,Economy,169,1629.4190108154107,169.8
974,69,26,Rural,Gold,48,4.28,Evening,Premium,175,1267.1421645758649,152.1153846153846
975,89,54,Suburban,Gold,48,4.38,Afternoon,Economy,24,65.7398626469571,-12.09876543209876
976,84,62,Urban,Silver,52,4.61,Afternoon,Economy,29,104.72482137583211,-17.03703703703704
977,98,61,Urban,Silver,91,4.28,Night,Economy,95,309.6726242107452,-3.2098765432098575
978,95,25,Urban,Gold,26,3.62,Morning,Economy,81,370.11488315746317,78.27160493827164
979,79,29,Rural,Silver,29,4.22,Night,Economy,99,788.6569155779797,158.79310344827587
980,82,10,Urban,Silver,97,4.43,Night,Economy,177,536.484966846803,11.358024691358045
981,87,5,Rural,Gold,6,3.76,Evening,Economy,28,196.91840419669822,136.29629629629636
982,83,35,Rural,Gold,3,4.32,Night,Premium,116,571.4414999628902,11.252204585537932
983,47,9,Rural,Regular,5,4.81,Night,Premium,178,806.196699146332,43.61111111111114
984,34,7,Urban,Silver,54,4.71,Night,Premium,149,689.9113523119014,33.571428571428555
985,26,13,Rural,Regular,14,4.19,Morning,Economy,174,1558.41783767507,133.84615384615387
986,88,7,Rural,Gold,11,3.64,Night,Premium,130,978.5994111215849,70.72310405643738
987,57,26,Rural,Regular,92,3.8,Evening,Premium,67,591.0637556505028,108.2692307692308
988,45,17,Rural,Silver,67,4.7,Afternoon,Economy,15,167.94019939703213,151.47058823529412
989,82,26,Urban,Gold,35,4.71,Morning,Economy,114,427.95290843121495,47.9582146248813
990,54,39,Rural,Gold,88,4.59,Evening,Economy,42,193.92240084319118,31.538461538461533
991,95,24,Suburban,Gold,79,3.5,Afternoon,Economy,130,1025.4896602919812,85.69958847736626
992,63,31,Suburban,Silver,2,3.81,Evening,Premium,160,1221.2491772764013,93.06451612903227
993,43,18,Urban,Gold,58,4.22,Evening,Economy,156,1122.796876014062,126.94444444444446
994,33,14,Suburban,Regular,87,4.81,Evening,Premium,17,266.44484434106295,123.92857142857142
995,33,23,Urban,Gold,24,4.21,Morning,Premium,11,124.5678973606918,36.30434782608695
996,84,29,Urban,Regular,92,4.55,Morning,Premium,94,576.3754404222963,35.88761174968068
997,44,6,Suburban,Gold,80,4.13,Night,Premium,40,317.3524078279172,101.66666666666666
998,53,27,Suburban,Regular,78,3.63,Night,Premium,58,520.4605807220448,86.48148148148148
999,78,63,Rural,Gold,14,4.21,Afternoon,Economy,147,1021.9015646302992,56.00000000000001
